# ************************************************************
# Sequel Pro SQL dump
# Version 4541
#
# http://www.sequelpro.com/
# https://github.com/sequelpro/sequelpro
#
# Host: localhost (MySQL 5.7.32)
# Database: ss4-silverpets
# Generation Time: 2021-09-29 17:43:31 +0000
# ************************************************************


/*!40101 SET @OLD_CHARACTER_SET_CLIENT=@@CHARACTER_SET_CLIENT */;
/*!40101 SET @OLD_CHARACTER_SET_RESULTS=@@CHARACTER_SET_RESULTS */;
/*!40101 SET @OLD_COLLATION_CONNECTION=@@COLLATION_CONNECTION */;
/*!40101 SET NAMES utf8 */;
/*!40014 SET @OLD_FOREIGN_KEY_CHECKS=@@FOREIGN_KEY_CHECKS, FOREIGN_KEY_CHECKS=0 */;
/*!40101 SET @OLD_SQL_MODE=@@SQL_MODE, SQL_MODE='NO_AUTO_VALUE_ON_ZERO' */;
/*!40111 SET @OLD_SQL_NOTES=@@SQL_NOTES, SQL_NOTES=0 */;


# Dump of table ChangeSet
# ------------------------------------------------------------

DROP TABLE IF EXISTS `ChangeSet`;

CREATE TABLE `ChangeSet` (
  `ID` int(11) NOT NULL AUTO_INCREMENT,
  `ClassName` enum('SilverStripe\\Versioned\\ChangeSet') DEFAULT 'SilverStripe\\Versioned\\ChangeSet',
  `LastEdited` datetime DEFAULT NULL,
  `Created` datetime DEFAULT NULL,
  `Name` varchar(255) DEFAULT NULL,
  `State` enum('open','published','reverted') DEFAULT 'open',
  `IsInferred` tinyint(1) unsigned NOT NULL DEFAULT '0',
  `Description` mediumtext,
  `PublishDate` datetime DEFAULT NULL,
  `LastSynced` datetime DEFAULT NULL,
  `OwnerID` int(11) NOT NULL DEFAULT '0',
  `PublisherID` int(11) NOT NULL DEFAULT '0',
  PRIMARY KEY (`ID`),
  KEY `State` (`State`),
  KEY `ID` (`ID`),
  KEY `ClassName` (`ClassName`),
  KEY `OwnerID` (`OwnerID`),
  KEY `PublisherID` (`PublisherID`)
) ENGINE=InnoDB DEFAULT CHARSET=utf8;

LOCK TABLES `ChangeSet` WRITE;
/*!40000 ALTER TABLE `ChangeSet` DISABLE KEYS */;

INSERT INTO `ChangeSet` (`ID`, `ClassName`, `LastEdited`, `Created`, `Name`, `State`, `IsInferred`, `Description`, `PublishDate`, `LastSynced`, `OwnerID`, `PublisherID`)
VALUES
	(1,'SilverStripe\\Versioned\\ChangeSet','2020-09-17 17:15:02','2020-09-17 17:15:02','Generated by publish of \'A home page\' at Sep 17, 2020, 5:15 PM','published',1,NULL,'2020-09-17 17:15:02','2020-09-17 17:15:02',0,1),
	(2,'SilverStripe\\Versioned\\ChangeSet','2020-09-17 17:17:35','2020-09-17 17:17:34','Generated by publish of \'A home page\' at Sep 17, 2020, 5:17 PM','published',1,NULL,'2020-09-17 17:17:35','2020-09-17 17:17:35',0,1),
	(3,'SilverStripe\\Versioned\\ChangeSet','2020-09-17 17:19:32','2020-09-17 17:19:31','Generated by publish of \'FAQs\' at Sep 17, 2020, 5:19 PM','published',1,NULL,'2020-09-17 17:19:32','2020-09-17 17:19:32',0,1),
	(4,'SilverStripe\\Versioned\\ChangeSet','2020-09-17 17:20:36','2020-09-17 17:20:35','Generated by publish of \'Services\' at Sep 17, 2020, 5:20 PM','published',1,NULL,'2020-09-17 17:20:36','2020-09-17 17:20:36',0,1),
	(5,'SilverStripe\\Versioned\\ChangeSet','2020-09-17 17:20:48','2020-09-17 17:20:47','Generated by publish of \'Services\' at Sep 17, 2020, 5:20 PM','published',1,NULL,'2020-09-17 17:20:48','2020-09-17 17:20:47',0,1),
	(6,'SilverStripe\\Versioned\\ChangeSet','2020-09-17 17:21:27','2020-09-17 17:21:26','Generated by publish of \'Adopt a dog\' at Sep 17, 2020, 5:21 PM','published',1,NULL,'2020-09-17 17:21:27','2020-09-17 17:21:27',0,1),
	(7,'SilverStripe\\Versioned\\ChangeSet','2020-09-17 17:22:04','2020-09-17 17:22:03','Generated by publish of \'Pet Nutritionists\' at Sep 17, 2020, 5:22 PM','published',1,NULL,'2020-09-17 17:22:04','2020-09-17 17:22:03',0,1),
	(8,'SilverStripe\\Versioned\\ChangeSet','2020-09-17 17:22:35','2020-09-17 17:22:34','Generated by publish of \'Fint a pet sitter\' at Sep 17, 2020, 5:22 PM','published',1,NULL,'2020-09-17 17:22:35','2020-09-17 17:22:35',0,1),
	(9,'SilverStripe\\Versioned\\ChangeSet','2020-09-17 17:23:06','2020-09-17 17:23:05','Generated by publish of \'Health & Wellbeing\' at Sep 17, 2020, 5:23 PM','published',1,NULL,'2020-09-17 17:23:06','2020-09-17 17:23:05',0,1),
	(10,'SilverStripe\\Versioned\\ChangeSet','2020-09-17 17:24:12','2020-09-17 17:24:11','Generated by publish of \'Report a stray dog\' at Sep 17, 2020, 5:24 PM','published',1,NULL,'2020-09-17 17:24:12','2020-09-17 17:24:11',0,1),
	(11,'SilverStripe\\Versioned\\ChangeSet','2020-09-17 17:24:47','2020-09-17 17:24:47','Generated by publish of \'Report Harassment\' at Sep 17, 2020, 5:24 PM','published',1,NULL,'2020-09-17 17:24:47','2020-09-17 17:24:47',0,1),
	(12,'SilverStripe\\Versioned\\ChangeSet','2020-09-18 11:18:31','2020-09-18 11:18:30','Generated by publish of \'About Us\' at Sep 18, 2020, 11:18 AM','published',1,NULL,'2020-09-18 11:18:31','2020-09-18 11:18:31',0,1),
	(13,'SilverStripe\\Versioned\\ChangeSet','2020-09-18 13:25:52','2020-09-18 13:25:51','Generated by publish of \'Adopt\' at Sep 18, 2020, 1:25 PM','published',1,NULL,'2020-09-18 13:25:52','2020-09-18 13:25:51',0,1),
	(14,'SilverStripe\\Versioned\\ChangeSet','2021-09-29 19:41:37','2020-09-18 14:35:41','Services updates 2020','open',0,'All new services will be announced',NULL,'2021-09-29 19:41:37',0,0),
	(15,'SilverStripe\\Versioned\\ChangeSet','2020-09-18 14:35:41','2020-09-18 14:35:41','Generated by publish of \'Services updates 2020\' at Sep 18, 2020, 2:35 PM','published',1,NULL,'2020-09-18 14:35:41','2020-09-18 14:35:41',0,1),
	(16,'SilverStripe\\Versioned\\ChangeSet','2020-09-18 14:40:52','2020-09-18 14:40:52','Generated by publish of \'Find a pet sitter\' at Sep 18, 2020, 2:40 PM','published',1,NULL,'2020-09-18 14:40:52','2020-09-18 14:40:52',0,1),
	(17,'SilverStripe\\Versioned\\ChangeSet','2020-09-18 14:41:57','2020-09-18 14:41:57','Generated by publish of \'Adopt a dog\' at Sep 18, 2020, 2:41 PM','published',1,NULL,'2020-09-18 14:41:57','2020-09-18 14:41:57',0,1),
	(18,'SilverStripe\\Versioned\\ChangeSet','2020-09-18 14:42:11','2020-09-18 14:42:11','Generated by publish of \'Adopt\' at Sep 18, 2020, 2:42 PM','published',1,NULL,'2020-09-18 14:42:11','2020-09-18 14:42:11',0,1),
	(19,'SilverStripe\\Versioned\\ChangeSet','2020-09-18 14:49:16','2020-09-18 14:49:16','Generated by publish of \'Author\' at Sep 18, 2020, 2:49 PM','published',1,NULL,'2020-09-18 14:49:16','2020-09-18 14:49:16',0,1),
	(20,'SilverStripe\\Versioned\\ChangeSet','2020-09-18 14:49:41','2020-09-18 14:49:40','Generated by publish of \'Admin\' at Sep 18, 2020, 2:49 PM','published',1,NULL,'2020-09-18 14:49:41','2020-09-18 14:49:40',0,1),
	(21,'SilverStripe\\Versioned\\ChangeSet','2020-09-18 14:51:17','2020-09-18 14:51:16','Generated by publish of \'SilverPets\' at Sep 18, 2020, 2:51 PM','published',1,NULL,'2020-09-18 14:51:17','2020-09-18 14:51:16',0,1),
	(22,'SilverStripe\\Versioned\\ChangeSet','2020-09-21 13:14:39','2020-09-21 13:14:38','Generated by publish of \'How to adopt\' at Sep 21, 2020, 1:14 PM','published',1,NULL,'2020-09-21 13:14:39','2020-09-21 13:14:38',0,1),
	(23,'SilverStripe\\Versioned\\ChangeSet','2020-09-21 13:15:04','2020-09-21 13:15:03','Generated by publish of \'Find shelters\' at Sep 21, 2020, 1:15 PM','published',1,NULL,'2020-09-21 13:15:04','2020-09-21 13:15:03',0,1),
	(24,'SilverStripe\\Versioned\\ChangeSet','2020-09-21 13:15:26','2020-09-21 13:15:25','Generated by publish of \'Pets & breeds\' at Sep 21, 2020, 1:15 PM','published',1,NULL,'2020-09-21 13:15:26','2020-09-21 13:15:25',0,1),
	(25,'SilverStripe\\Versioned\\ChangeSet','2020-09-21 13:15:51','2020-09-21 13:15:50','Generated by publish of \'Training you pet\' at Sep 21, 2020, 1:15 PM','published',1,NULL,'2020-09-21 13:15:51','2020-09-21 13:15:51',0,1),
	(26,'SilverStripe\\Versioned\\ChangeSet','2020-09-21 13:16:33','2020-09-21 13:16:33','Generated by publish of \'Training you pet\' at Sep 21, 2020, 1:16 PM','published',1,NULL,'2020-09-21 13:16:33','2020-09-21 13:16:33',0,1),
	(27,'SilverStripe\\Versioned\\ChangeSet','2020-09-21 13:16:55','2020-09-21 13:16:55','Generated by publish of \'Your first pet?\' at Sep 21, 2020, 1:16 PM','published',1,NULL,'2020-09-21 13:16:55','2020-09-21 13:16:55',0,1),
	(28,'SilverStripe\\Versioned\\ChangeSet','2020-09-21 13:17:53','2020-09-21 13:17:52','Generated by publish of \'Health benefits\' at Sep 21, 2020, 1:17 PM','published',1,NULL,'2020-09-21 13:17:53','2020-09-21 13:17:53',0,1),
	(29,'SilverStripe\\Versioned\\ChangeSet','2020-09-21 19:16:08','2020-09-21 19:16:08','Generated by publish of \'1\' at Sep 21, 2020, 7:16 PM','published',1,NULL,'2020-09-21 19:16:08','2020-09-21 19:16:08',0,1),
	(30,'SilverStripe\\Versioned\\ChangeSet','2020-09-22 15:31:01','2020-09-22 15:31:00','Generated by publish of \'SilverPets\' at Sep 22, 2020, 3:31 PM','published',1,NULL,'2020-09-22 15:31:01','2020-09-22 15:31:01',0,1),
	(31,'SilverStripe\\Versioned\\ChangeSet','2020-09-22 15:32:48','2020-09-22 15:32:48','Generated by publish of \'SilverPets\' at Sep 22, 2020, 3:32 PM','published',1,NULL,'2020-09-22 15:32:48','2020-09-22 15:32:48',0,1),
	(32,'SilverStripe\\Versioned\\ChangeSet','2020-09-22 18:27:28','2020-09-22 18:27:27','Generated by publish of \'SilverPets\' at Sep 22, 2020, 6:27 PM','published',1,NULL,'2020-09-22 18:27:28','2020-09-22 18:27:27',0,1),
	(33,'SilverStripe\\Versioned\\ChangeSet','2020-09-22 18:28:59','2020-09-22 18:28:58','Generated by publish of \'Home\' at Sep 22, 2020, 6:28 PM','published',1,NULL,'2020-09-22 18:28:59','2020-09-22 18:28:58',0,1),
	(34,'SilverStripe\\Versioned\\ChangeSet','2020-09-22 18:29:42','2020-09-22 18:29:41','Generated by publish of \'Home\' at Sep 22, 2020, 6:29 PM','published',1,NULL,'2020-09-22 18:29:42','2020-09-22 18:29:42',0,1),
	(35,'SilverStripe\\Versioned\\ChangeSet','2020-09-22 18:34:38','2020-09-22 18:34:37','Generated by publish of \'Home\' at Sep 22, 2020, 6:34 PM','published',1,NULL,'2020-09-22 18:34:38','2020-09-22 18:34:37',0,1),
	(36,'SilverStripe\\Versioned\\ChangeSet','2020-09-22 19:07:24','2020-09-22 19:07:23','Generated by publish of \'Home\' at Sep 22, 2020, 7:07 PM','published',1,NULL,'2020-09-22 19:07:24','2020-09-22 19:07:24',0,1),
	(37,'SilverStripe\\Versioned\\ChangeSet','2020-09-22 19:09:47','2020-09-22 19:09:46','Generated by publish of \'SilverPets\' at Sep 22, 2020, 7:09 PM','published',1,NULL,'2020-09-22 19:09:47','2020-09-22 19:09:46',0,1),
	(38,'SilverStripe\\Versioned\\ChangeSet','2020-09-22 19:30:02','2020-09-22 19:30:02','Generated by publish of \'Home\' at Sep 22, 2020, 7:30 PM','published',1,NULL,'2020-09-22 19:30:02','2020-09-22 19:30:02',0,1),
	(39,'SilverStripe\\Versioned\\ChangeSet','2020-09-22 19:30:18','2020-09-22 19:30:17','Generated by publish of \'Home\' at Sep 22, 2020, 7:30 PM','published',1,NULL,'2020-09-22 19:30:18','2020-09-22 19:30:18',0,1),
	(40,'SilverStripe\\Versioned\\ChangeSet','2020-09-22 19:34:39','2020-09-22 19:34:38','Generated by publish of \'Home\' at Sep 22, 2020, 7:34 PM','published',1,NULL,'2020-09-22 19:34:39','2020-09-22 19:34:38',0,1),
	(41,'SilverStripe\\Versioned\\ChangeSet','2020-09-22 20:28:43','2020-09-22 20:28:43','Generated by publish of \'Find us\' at Sep 22, 2020, 8:28 PM','published',1,NULL,'2020-09-22 20:28:43','2020-09-22 20:28:43',0,1),
	(42,'SilverStripe\\Versioned\\ChangeSet','2020-09-22 20:31:15','2020-09-22 20:31:15','Generated by publish of \'Find us\' at Sep 22, 2020, 8:31 PM','published',1,NULL,'2020-09-22 20:31:15','2020-09-22 20:31:15',0,1),
	(43,'SilverStripe\\Versioned\\ChangeSet','2020-09-22 20:32:52','2020-09-22 20:32:51','Generated by publish of \'Home\' at Sep 22, 2020, 8:32 PM','published',1,NULL,'2020-09-22 20:32:52','2020-09-22 20:32:51',0,1),
	(44,'SilverStripe\\Versioned\\ChangeSet','2020-09-22 20:34:16','2020-09-22 20:34:15','Generated by publish of \'Home\' at Sep 22, 2020, 8:34 PM','published',1,NULL,'2020-09-22 20:34:16','2020-09-22 20:34:15',0,1),
	(45,'SilverStripe\\Versioned\\ChangeSet','2020-09-22 20:38:00','2020-09-22 20:37:59','Generated by publish of \'Adopt a dog\' at Sep 22, 2020, 8:37 PM','published',1,NULL,'2020-09-22 20:38:00','2020-09-22 20:38:00',0,1),
	(46,'SilverStripe\\Versioned\\ChangeSet','2020-09-22 20:38:27','2020-09-22 20:38:26','Generated by publish of \'Pet Nutritionists\' at Sep 22, 2020, 8:38 PM','published',1,NULL,'2020-09-22 20:38:27','2020-09-22 20:38:26',0,1),
	(47,'SilverStripe\\Versioned\\ChangeSet','2020-09-22 20:39:04','2020-09-22 20:39:03','Generated by publish of \'Find a pet sitter\' at Sep 22, 2020, 8:39 PM','published',1,NULL,'2020-09-22 20:39:04','2020-09-22 20:39:03',0,1),
	(48,'SilverStripe\\Versioned\\ChangeSet','2020-09-22 20:39:35','2020-09-22 20:39:34','Generated by publish of \'Health & Wellbeing\' at Sep 22, 2020, 8:39 PM','published',1,NULL,'2020-09-22 20:39:35','2020-09-22 20:39:34',0,1),
	(49,'SilverStripe\\Versioned\\ChangeSet','2020-09-22 20:43:42','2020-09-22 20:43:40','Generated by publish of \'Home\' at Sep 22, 2020, 8:43 PM','published',1,NULL,'2020-09-22 20:43:42','2020-09-22 20:43:41',0,1),
	(50,'SilverStripe\\Versioned\\ChangeSet','2020-09-22 23:31:58','2020-09-22 23:31:57','Generated by publish of \'FAQs\' at Sep 22, 2020, 11:31 PM','published',1,NULL,'2020-09-22 23:31:58','2020-09-22 23:31:57',0,1),
	(51,'SilverStripe\\Versioned\\ChangeSet','2020-09-22 23:32:25','2020-09-22 23:32:24','Generated by publish of \'Services\' at Sep 22, 2020, 11:32 PM','published',1,NULL,'2020-09-22 23:32:25','2020-09-22 23:32:24',0,1),
	(52,'SilverStripe\\Versioned\\ChangeSet','2020-09-22 23:36:13','2020-09-22 23:36:12','Generated by publish of \'Cuba Garcia, Herbert\' at Sep 22, 2020, 11:36 PM','published',1,NULL,'2020-09-22 23:36:13','2020-09-22 23:36:13',0,1),
	(53,'SilverStripe\\Versioned\\ChangeSet','2020-09-23 15:47:27','2020-09-23 15:47:26','Generated by publish of \'Adopt\' at Sep 23, 2020, 3:47 PM','published',1,NULL,'2020-09-23 15:47:27','2020-09-23 15:47:27',0,1),
	(54,'SilverStripe\\Versioned\\ChangeSet','2021-09-28 15:52:20','2021-09-28 15:52:20','Generated by publish of \'Home\' at Sep 28, 2021, 3:52 PM','published',1,NULL,'2021-09-28 15:52:20','2021-09-28 15:52:20',0,1),
	(55,'SilverStripe\\Versioned\\ChangeSet','2021-09-28 17:20:39','2021-09-28 17:20:38','Generated by publish of \'Pets are life\' at Sep 28, 2021, 5:20 PM','published',1,NULL,'2021-09-28 17:20:39','2021-09-28 17:20:39',0,1),
	(56,'SilverStripe\\Versioned\\ChangeSet','2021-09-29 17:53:57','2021-09-29 17:53:56','Generated by publish of \'SilverPets\' at Sep 29, 2021, 5:53 PM','published',1,NULL,'2021-09-29 17:53:57','2021-09-29 17:53:57',0,1),
	(57,'SilverStripe\\Versioned\\ChangeSet','2021-09-29 17:56:01','2021-09-29 17:56:01','Generated by publish of \'SilverPets\' at Sep 29, 2021, 5:56 PM','published',1,NULL,'2021-09-29 17:56:01','2021-09-29 17:56:01',0,1),
	(58,'SilverStripe\\Versioned\\ChangeSet','2021-09-29 18:21:25','2021-09-29 18:21:25','Generated by publish of \'Pets are life\' at Sep 29, 2021, 6:21 PM','published',1,NULL,'2021-09-29 18:21:25','2021-09-29 18:21:25',0,1),
	(59,'SilverStripe\\Versioned\\ChangeSet','2021-09-29 18:39:43','2021-09-29 18:39:43','Generated by publish of \'Pets are life\' at Sep 29, 2021, 6:39 PM','published',1,NULL,'2021-09-29 18:39:43','2021-09-29 18:39:43',0,1),
	(60,'SilverStripe\\Versioned\\ChangeSet','2021-09-29 18:48:13','2021-09-29 18:48:13','Generated by publish of \'Pets are life\' at Sep 29, 2021, 6:48 PM','published',1,NULL,'2021-09-29 18:48:13','2021-09-29 18:48:13',0,1),
	(61,'SilverStripe\\Versioned\\ChangeSet','2021-09-29 18:48:22','2021-09-29 18:48:21','Generated by publish of \'Pets are life\' at Sep 29, 2021, 6:48 PM','published',1,NULL,'2021-09-29 18:48:22','2021-09-29 18:48:22',0,1),
	(62,'SilverStripe\\Versioned\\ChangeSet','2021-09-29 18:54:12','2021-09-29 18:54:12','Generated by publish of \'Pets are life\' at Sep 29, 2021, 6:54 PM','published',1,NULL,'2021-09-29 18:54:12','2021-09-29 18:54:12',0,1),
	(63,'SilverStripe\\Versioned\\ChangeSet','2021-09-29 18:56:54','2021-09-29 18:56:54','Generated by publish of \'Pets are life\' at Sep 29, 2021, 6:56 PM','published',1,NULL,'2021-09-29 18:56:54','2021-09-29 18:56:54',0,1),
	(64,'SilverStripe\\Versioned\\ChangeSet','2021-09-29 18:59:38','2021-09-29 18:59:38','Generated by publish of \'Pets are life\' at Sep 29, 2021, 6:59 PM','published',1,NULL,'2021-09-29 18:59:38','2021-09-29 18:59:38',0,1),
	(65,'SilverStripe\\Versioned\\ChangeSet','2021-09-29 19:08:24','2021-09-29 19:08:24','Generated by publish of \'Pets are life\' at Sep 29, 2021, 7:08 PM','published',1,NULL,'2021-09-29 19:08:24','2021-09-29 19:08:24',0,1),
	(66,'SilverStripe\\Versioned\\ChangeSet','2021-09-29 19:20:15','2021-09-29 19:20:14','Generated by publish of \'My Title\' at Sep 29, 2021, 7:20 PM','published',1,NULL,'2021-09-29 19:20:15','2021-09-29 19:20:15',0,1),
	(67,'SilverStripe\\Versioned\\ChangeSet','2021-09-29 19:40:06','2021-09-29 19:40:06','Generated by publish of \'Pets are life\' at Sep 29, 2021, 7:40 PM','published',1,NULL,'2021-09-29 19:40:06','2021-09-29 19:40:06',0,1),
	(68,'SilverStripe\\Versioned\\ChangeSet','2021-09-29 19:40:48','2021-09-29 19:40:47','Generated by publish of \'Adopt a dog\' at Sep 29, 2021, 7:40 PM','published',1,NULL,'2021-09-29 19:40:48','2021-09-29 19:40:47',0,1);

/*!40000 ALTER TABLE `ChangeSet` ENABLE KEYS */;
UNLOCK TABLES;


# Dump of table ChangeSetItem
# ------------------------------------------------------------

DROP TABLE IF EXISTS `ChangeSetItem`;

CREATE TABLE `ChangeSetItem` (
  `ID` int(11) NOT NULL AUTO_INCREMENT,
  `ClassName` enum('SilverStripe\\Versioned\\ChangeSetItem') DEFAULT 'SilverStripe\\Versioned\\ChangeSetItem',
  `LastEdited` datetime DEFAULT NULL,
  `Created` datetime DEFAULT NULL,
  `VersionBefore` int(11) NOT NULL DEFAULT '0',
  `VersionAfter` int(11) NOT NULL DEFAULT '0',
  `Added` enum('explicitly','implicitly') DEFAULT 'implicitly',
  `ChangeSetID` int(11) NOT NULL DEFAULT '0',
  `ObjectID` int(11) NOT NULL DEFAULT '0',
  `ObjectClass` enum('SilverStripe\\Assets\\File','SilverStripe\\SiteConfig\\SiteConfig','SilverStripe\\Versioned\\ChangeSet','SilverStripe\\Versioned\\ChangeSetItem','SilverStripe\\Assets\\Shortcodes\\FileLink','SilverStripe\\CMS\\Model\\SiteTree','SilverStripe\\CMS\\Model\\SiteTreeLink','SilverStripe\\Security\\Group','SilverStripe\\Security\\LoginAttempt','SilverStripe\\Security\\Member','SilverStripe\\Security\\MemberPassword','SilverStripe\\Security\\Permission','SilverStripe\\Security\\PermissionRole','SilverStripe\\Security\\PermissionRoleCode','SilverStripe\\Security\\RememberLoginHash','SilverStripe\\Assets\\Folder','SilverStripe\\Assets\\Image','Page','SilverStripe\\ErrorPage\\ErrorPage','SilverStripe\\CMS\\Model\\RedirectorPage','SilverStripe\\CMS\\Model\\VirtualPage','LinkItem') DEFAULT 'SilverStripe\\Assets\\File',
  PRIMARY KEY (`ID`),
  UNIQUE KEY `ObjectUniquePerChangeSet` (`ObjectID`,`ObjectClass`,`ChangeSetID`),
  KEY `ClassName` (`ClassName`),
  KEY `ChangeSetID` (`ChangeSetID`),
  KEY `Object` (`ObjectID`,`ObjectClass`)
) ENGINE=InnoDB DEFAULT CHARSET=utf8;

LOCK TABLES `ChangeSetItem` WRITE;
/*!40000 ALTER TABLE `ChangeSetItem` DISABLE KEYS */;

INSERT INTO `ChangeSetItem` (`ID`, `ClassName`, `LastEdited`, `Created`, `VersionBefore`, `VersionAfter`, `Added`, `ChangeSetID`, `ObjectID`, `ObjectClass`)
VALUES
	(3,'SilverStripe\\Versioned\\ChangeSetItem','2020-09-17 17:19:32','2020-09-17 17:19:31',2,4,'explicitly',3,3,'SilverStripe\\CMS\\Model\\SiteTree'),
	(4,'SilverStripe\\Versioned\\ChangeSetItem','2020-09-17 17:20:36','2020-09-17 17:20:35',0,3,'explicitly',4,7,'SilverStripe\\CMS\\Model\\SiteTree'),
	(5,'SilverStripe\\Versioned\\ChangeSetItem','2020-09-17 17:20:48','2020-09-17 17:20:47',3,5,'explicitly',5,7,'SilverStripe\\CMS\\Model\\SiteTree'),
	(6,'SilverStripe\\Versioned\\ChangeSetItem','2020-09-17 17:21:27','2020-09-17 17:21:26',0,3,'explicitly',6,8,'SilverStripe\\CMS\\Model\\SiteTree'),
	(7,'SilverStripe\\Versioned\\ChangeSetItem','2020-09-17 17:22:04','2020-09-17 17:22:03',0,3,'explicitly',7,9,'SilverStripe\\CMS\\Model\\SiteTree'),
	(8,'SilverStripe\\Versioned\\ChangeSetItem','2020-09-17 17:22:35','2020-09-17 17:22:34',0,3,'explicitly',8,10,'SilverStripe\\CMS\\Model\\SiteTree'),
	(9,'SilverStripe\\Versioned\\ChangeSetItem','2020-09-17 17:23:05','2020-09-17 17:23:05',0,3,'explicitly',9,11,'SilverStripe\\CMS\\Model\\SiteTree'),
	(10,'SilverStripe\\Versioned\\ChangeSetItem','2020-09-17 17:24:12','2020-09-17 17:24:11',0,3,'explicitly',10,12,'SilverStripe\\CMS\\Model\\SiteTree'),
	(11,'SilverStripe\\Versioned\\ChangeSetItem','2020-09-17 17:24:47','2020-09-17 17:24:47',0,3,'explicitly',11,13,'SilverStripe\\CMS\\Model\\SiteTree'),
	(12,'SilverStripe\\Versioned\\ChangeSetItem','2020-09-18 11:18:31','2020-09-18 11:18:30',2,4,'explicitly',12,2,'SilverStripe\\CMS\\Model\\SiteTree'),
	(14,'SilverStripe\\Versioned\\ChangeSetItem','2020-09-18 14:35:41','2020-09-18 14:35:41',0,0,'explicitly',15,14,'SilverStripe\\Versioned\\ChangeSet'),
	(15,'SilverStripe\\Versioned\\ChangeSetItem','2020-09-18 14:39:56','2020-09-18 14:39:56',0,0,'explicitly',14,7,'SilverStripe\\CMS\\Model\\SiteTree'),
	(16,'SilverStripe\\Versioned\\ChangeSetItem','2020-09-18 14:40:21','2020-09-18 14:40:21',0,0,'explicitly',14,8,'SilverStripe\\CMS\\Model\\SiteTree'),
	(17,'SilverStripe\\Versioned\\ChangeSetItem','2020-09-18 14:40:31','2020-09-18 14:40:31',0,0,'explicitly',14,9,'SilverStripe\\CMS\\Model\\SiteTree'),
	(18,'SilverStripe\\Versioned\\ChangeSetItem','2020-09-18 14:40:52','2020-09-18 14:40:52',3,5,'explicitly',16,10,'SilverStripe\\CMS\\Model\\SiteTree'),
	(19,'SilverStripe\\Versioned\\ChangeSetItem','2020-09-18 14:40:59','2020-09-18 14:40:59',0,0,'explicitly',14,10,'SilverStripe\\CMS\\Model\\SiteTree'),
	(20,'SilverStripe\\Versioned\\ChangeSetItem','2020-09-18 14:41:21','2020-09-18 14:41:21',0,0,'explicitly',14,11,'SilverStripe\\CMS\\Model\\SiteTree'),
	(21,'SilverStripe\\Versioned\\ChangeSetItem','2020-09-18 14:41:36','2020-09-18 14:41:36',0,0,'explicitly',14,12,'SilverStripe\\CMS\\Model\\SiteTree'),
	(22,'SilverStripe\\Versioned\\ChangeSetItem','2020-09-18 14:41:48','2020-09-18 14:41:48',0,0,'explicitly',14,13,'SilverStripe\\CMS\\Model\\SiteTree'),
	(23,'SilverStripe\\Versioned\\ChangeSetItem','2020-09-18 14:41:57','2020-09-18 14:41:57',3,5,'explicitly',17,8,'SilverStripe\\CMS\\Model\\SiteTree'),
	(25,'SilverStripe\\Versioned\\ChangeSetItem','2020-09-18 14:49:16','2020-09-18 14:49:16',0,0,'explicitly',19,1,'SilverStripe\\Security\\PermissionRole'),
	(26,'SilverStripe\\Versioned\\ChangeSetItem','2020-09-18 14:49:40','2020-09-18 14:49:40',0,0,'explicitly',20,2,'SilverStripe\\Security\\PermissionRole'),
	(27,'SilverStripe\\Versioned\\ChangeSetItem','2020-09-18 14:51:16','2020-09-18 14:51:16',0,0,'explicitly',21,1,'SilverStripe\\SiteConfig\\SiteConfig'),
	(28,'SilverStripe\\Versioned\\ChangeSetItem','2020-09-21 13:14:39','2020-09-21 13:14:38',0,3,'explicitly',22,15,'SilverStripe\\CMS\\Model\\SiteTree'),
	(29,'SilverStripe\\Versioned\\ChangeSetItem','2020-09-21 13:15:04','2020-09-21 13:15:03',0,3,'explicitly',23,16,'SilverStripe\\CMS\\Model\\SiteTree'),
	(30,'SilverStripe\\Versioned\\ChangeSetItem','2020-09-21 13:15:26','2020-09-21 13:15:25',0,3,'explicitly',24,17,'SilverStripe\\CMS\\Model\\SiteTree'),
	(31,'SilverStripe\\Versioned\\ChangeSetItem','2020-09-21 13:15:51','2020-09-21 13:15:51',0,3,'explicitly',25,18,'SilverStripe\\CMS\\Model\\SiteTree'),
	(32,'SilverStripe\\Versioned\\ChangeSetItem','2020-09-21 13:16:33','2020-09-21 13:16:33',3,5,'explicitly',26,18,'SilverStripe\\CMS\\Model\\SiteTree'),
	(33,'SilverStripe\\Versioned\\ChangeSetItem','2020-09-21 13:16:33','2020-09-21 13:16:33',0,3,'implicitly',26,3,'SilverStripe\\Assets\\File'),
	(34,'SilverStripe\\Versioned\\ChangeSetItem','2020-09-21 13:16:33','2020-09-21 13:16:33',0,0,'implicitly',26,1,'SilverStripe\\Assets\\Shortcodes\\FileLink'),
	(35,'SilverStripe\\Versioned\\ChangeSetItem','2020-09-21 13:16:55','2020-09-21 13:16:55',0,3,'explicitly',27,19,'SilverStripe\\CMS\\Model\\SiteTree'),
	(36,'SilverStripe\\Versioned\\ChangeSetItem','2020-09-21 13:17:53','2020-09-21 13:17:53',0,3,'explicitly',28,20,'SilverStripe\\CMS\\Model\\SiteTree'),
	(37,'SilverStripe\\Versioned\\ChangeSetItem','2020-09-21 19:16:08','2020-09-21 19:16:08',0,4,'explicitly',29,6,'SilverStripe\\Assets\\File'),
	(38,'SilverStripe\\Versioned\\ChangeSetItem','2020-09-22 15:31:01','2020-09-22 15:31:00',0,0,'explicitly',30,1,'SilverStripe\\SiteConfig\\SiteConfig'),
	(39,'SilverStripe\\Versioned\\ChangeSetItem','2020-09-22 15:32:48','2020-09-22 15:32:48',0,0,'explicitly',31,1,'SilverStripe\\SiteConfig\\SiteConfig'),
	(40,'SilverStripe\\Versioned\\ChangeSetItem','2020-09-22 18:27:27','2020-09-22 18:27:27',0,0,'explicitly',32,1,'SilverStripe\\SiteConfig\\SiteConfig'),
	(41,'SilverStripe\\Versioned\\ChangeSetItem','2020-09-22 18:28:58','2020-09-22 18:28:58',2,4,'explicitly',33,1,'SilverStripe\\CMS\\Model\\SiteTree'),
	(42,'SilverStripe\\Versioned\\ChangeSetItem','2020-09-22 18:29:42','2020-09-22 18:29:41',4,4,'explicitly',34,1,'SilverStripe\\CMS\\Model\\SiteTree'),
	(43,'SilverStripe\\Versioned\\ChangeSetItem','2020-09-22 18:34:38','2020-09-22 18:34:37',4,6,'explicitly',35,1,'SilverStripe\\CMS\\Model\\SiteTree'),
	(44,'SilverStripe\\Versioned\\ChangeSetItem','2020-09-22 18:34:38','2020-09-22 18:34:37',0,3,'implicitly',35,5,'SilverStripe\\Assets\\File'),
	(45,'SilverStripe\\Versioned\\ChangeSetItem','2020-09-22 19:07:24','2020-09-22 19:07:23',6,8,'explicitly',36,1,'SilverStripe\\CMS\\Model\\SiteTree'),
	(46,'SilverStripe\\Versioned\\ChangeSetItem','2020-09-22 19:07:24','2020-09-22 19:07:24',0,2,'implicitly',36,10,'SilverStripe\\Assets\\File'),
	(47,'SilverStripe\\Versioned\\ChangeSetItem','2020-09-22 19:07:24','2020-09-22 19:07:24',3,3,'implicitly',36,5,'SilverStripe\\Assets\\File'),
	(48,'SilverStripe\\Versioned\\ChangeSetItem','2020-09-22 19:09:46','2020-09-22 19:09:46',0,0,'explicitly',37,1,'SilverStripe\\SiteConfig\\SiteConfig'),
	(49,'SilverStripe\\Versioned\\ChangeSetItem','2020-09-22 19:30:02','2020-09-22 19:30:02',8,10,'explicitly',38,1,'SilverStripe\\CMS\\Model\\SiteTree'),
	(50,'SilverStripe\\Versioned\\ChangeSetItem','2020-09-22 19:30:02','2020-09-22 19:30:02',2,2,'implicitly',38,10,'SilverStripe\\Assets\\File'),
	(51,'SilverStripe\\Versioned\\ChangeSetItem','2020-09-22 19:30:02','2020-09-22 19:30:02',3,3,'implicitly',38,5,'SilverStripe\\Assets\\File'),
	(52,'SilverStripe\\Versioned\\ChangeSetItem','2020-09-22 19:30:18','2020-09-22 19:30:17',10,12,'explicitly',39,1,'SilverStripe\\CMS\\Model\\SiteTree'),
	(53,'SilverStripe\\Versioned\\ChangeSetItem','2020-09-22 19:30:18','2020-09-22 19:30:17',2,2,'implicitly',39,10,'SilverStripe\\Assets\\File'),
	(54,'SilverStripe\\Versioned\\ChangeSetItem','2020-09-22 19:30:18','2020-09-22 19:30:17',3,3,'implicitly',39,5,'SilverStripe\\Assets\\File'),
	(55,'SilverStripe\\Versioned\\ChangeSetItem','2020-09-22 19:34:39','2020-09-22 19:34:38',12,14,'explicitly',40,1,'SilverStripe\\CMS\\Model\\SiteTree'),
	(56,'SilverStripe\\Versioned\\ChangeSetItem','2020-09-22 19:34:39','2020-09-22 19:34:38',2,2,'implicitly',40,10,'SilverStripe\\Assets\\File'),
	(57,'SilverStripe\\Versioned\\ChangeSetItem','2020-09-22 19:34:39','2020-09-22 19:34:38',3,3,'implicitly',40,5,'SilverStripe\\Assets\\File'),
	(58,'SilverStripe\\Versioned\\ChangeSetItem','2020-09-22 20:28:43','2020-09-22 20:28:43',0,0,'explicitly',41,1,'LinkItem'),
	(59,'SilverStripe\\Versioned\\ChangeSetItem','2020-09-22 20:28:43','2020-09-22 20:28:43',0,2,'implicitly',41,12,'SilverStripe\\Assets\\File'),
	(60,'SilverStripe\\Versioned\\ChangeSetItem','2020-09-22 20:31:15','2020-09-22 20:31:15',0,0,'explicitly',42,1,'LinkItem'),
	(61,'SilverStripe\\Versioned\\ChangeSetItem','2020-09-22 20:31:15','2020-09-22 20:31:15',2,2,'implicitly',42,12,'SilverStripe\\Assets\\File'),
	(62,'SilverStripe\\Versioned\\ChangeSetItem','2020-09-22 20:32:52','2020-09-22 20:32:51',14,14,'explicitly',43,1,'SilverStripe\\CMS\\Model\\SiteTree'),
	(63,'SilverStripe\\Versioned\\ChangeSetItem','2020-09-22 20:32:52','2020-09-22 20:32:51',2,2,'implicitly',43,10,'SilverStripe\\Assets\\File'),
	(64,'SilverStripe\\Versioned\\ChangeSetItem','2020-09-22 20:32:52','2020-09-22 20:32:51',3,3,'implicitly',43,5,'SilverStripe\\Assets\\File'),
	(65,'SilverStripe\\Versioned\\ChangeSetItem','2020-09-22 20:34:16','2020-09-22 20:34:15',14,16,'explicitly',44,1,'SilverStripe\\CMS\\Model\\SiteTree'),
	(66,'SilverStripe\\Versioned\\ChangeSetItem','2020-09-22 20:34:16','2020-09-22 20:34:15',2,2,'implicitly',44,10,'SilverStripe\\Assets\\File'),
	(67,'SilverStripe\\Versioned\\ChangeSetItem','2020-09-22 20:34:16','2020-09-22 20:34:15',3,3,'implicitly',44,5,'SilverStripe\\Assets\\File'),
	(68,'SilverStripe\\Versioned\\ChangeSetItem','2020-09-22 20:38:00','2020-09-22 20:37:59',5,7,'explicitly',45,8,'SilverStripe\\CMS\\Model\\SiteTree'),
	(69,'SilverStripe\\Versioned\\ChangeSetItem','2020-09-22 20:38:00','2020-09-22 20:38:00',0,2,'implicitly',45,15,'SilverStripe\\Assets\\File'),
	(70,'SilverStripe\\Versioned\\ChangeSetItem','2020-09-22 20:38:26','2020-09-22 20:38:26',3,5,'explicitly',46,9,'SilverStripe\\CMS\\Model\\SiteTree'),
	(71,'SilverStripe\\Versioned\\ChangeSetItem','2020-09-22 20:38:27','2020-09-22 20:38:26',0,2,'implicitly',46,16,'SilverStripe\\Assets\\File'),
	(72,'SilverStripe\\Versioned\\ChangeSetItem','2020-09-22 20:39:04','2020-09-22 20:39:03',5,7,'explicitly',47,10,'SilverStripe\\CMS\\Model\\SiteTree'),
	(73,'SilverStripe\\Versioned\\ChangeSetItem','2020-09-22 20:39:04','2020-09-22 20:39:03',0,2,'implicitly',47,14,'SilverStripe\\Assets\\File'),
	(74,'SilverStripe\\Versioned\\ChangeSetItem','2020-09-22 20:39:35','2020-09-22 20:39:34',3,5,'explicitly',48,11,'SilverStripe\\CMS\\Model\\SiteTree'),
	(75,'SilverStripe\\Versioned\\ChangeSetItem','2020-09-22 20:39:35','2020-09-22 20:39:34',0,2,'implicitly',48,17,'SilverStripe\\Assets\\File'),
	(76,'SilverStripe\\Versioned\\ChangeSetItem','2020-09-22 20:43:42','2020-09-22 20:43:40',16,18,'explicitly',49,1,'SilverStripe\\CMS\\Model\\SiteTree'),
	(77,'SilverStripe\\Versioned\\ChangeSetItem','2020-09-22 20:43:42','2020-09-22 20:43:41',2,2,'implicitly',49,10,'SilverStripe\\Assets\\File'),
	(78,'SilverStripe\\Versioned\\ChangeSetItem','2020-09-22 20:43:42','2020-09-22 20:43:41',3,3,'implicitly',49,5,'SilverStripe\\Assets\\File'),
	(79,'SilverStripe\\Versioned\\ChangeSetItem','2020-09-22 23:31:58','2020-09-22 23:31:57',4,6,'explicitly',50,3,'SilverStripe\\CMS\\Model\\SiteTree'),
	(80,'SilverStripe\\Versioned\\ChangeSetItem','2020-09-22 23:32:25','2020-09-22 23:32:24',5,7,'explicitly',51,7,'SilverStripe\\CMS\\Model\\SiteTree'),
	(85,'SilverStripe\\Versioned\\ChangeSetItem','2020-09-22 23:36:12','2020-09-22 23:36:12',0,0,'explicitly',52,2,'SilverStripe\\Security\\Member'),
	(86,'SilverStripe\\Versioned\\ChangeSetItem','2020-09-23 15:47:27','2020-09-23 15:47:26',0,3,'explicitly',53,21,'SilverStripe\\CMS\\Model\\SiteTree'),
	(87,'SilverStripe\\Versioned\\ChangeSetItem','2021-09-28 15:52:20','2021-09-28 15:52:20',18,20,'explicitly',54,1,'SilverStripe\\CMS\\Model\\SiteTree'),
	(88,'SilverStripe\\Versioned\\ChangeSetItem','2021-09-28 17:20:39','2021-09-28 17:20:38',20,22,'explicitly',55,1,'SilverStripe\\CMS\\Model\\SiteTree'),
	(89,'SilverStripe\\Versioned\\ChangeSetItem','2021-09-29 17:53:57','2021-09-29 17:53:57',0,0,'explicitly',56,1,'SilverStripe\\SiteConfig\\SiteConfig'),
	(90,'SilverStripe\\Versioned\\ChangeSetItem','2021-09-29 17:56:01','2021-09-29 17:56:01',0,0,'explicitly',57,1,'SilverStripe\\SiteConfig\\SiteConfig'),
	(91,'SilverStripe\\Versioned\\ChangeSetItem','2021-09-29 18:21:25','2021-09-29 18:21:25',22,24,'explicitly',58,1,'SilverStripe\\CMS\\Model\\SiteTree'),
	(92,'SilverStripe\\Versioned\\ChangeSetItem','2021-09-29 18:39:43','2021-09-29 18:39:43',24,24,'explicitly',59,1,'SilverStripe\\CMS\\Model\\SiteTree'),
	(93,'SilverStripe\\Versioned\\ChangeSetItem','2021-09-29 18:48:13','2021-09-29 18:48:13',24,24,'explicitly',60,1,'SilverStripe\\CMS\\Model\\SiteTree'),
	(94,'SilverStripe\\Versioned\\ChangeSetItem','2021-09-29 18:48:22','2021-09-29 18:48:21',24,24,'explicitly',61,1,'SilverStripe\\CMS\\Model\\SiteTree'),
	(95,'SilverStripe\\Versioned\\ChangeSetItem','2021-09-29 18:54:12','2021-09-29 18:54:12',24,26,'explicitly',62,1,'SilverStripe\\CMS\\Model\\SiteTree'),
	(96,'SilverStripe\\Versioned\\ChangeSetItem','2021-09-29 18:56:54','2021-09-29 18:56:54',26,28,'explicitly',63,1,'SilverStripe\\CMS\\Model\\SiteTree'),
	(97,'SilverStripe\\Versioned\\ChangeSetItem','2021-09-29 18:59:38','2021-09-29 18:59:38',28,30,'explicitly',64,1,'SilverStripe\\CMS\\Model\\SiteTree'),
	(98,'SilverStripe\\Versioned\\ChangeSetItem','2021-09-29 19:08:24','2021-09-29 19:08:24',30,32,'explicitly',65,1,'SilverStripe\\CMS\\Model\\SiteTree'),
	(99,'SilverStripe\\Versioned\\ChangeSetItem','2021-09-29 19:20:15','2021-09-29 19:20:15',0,0,'explicitly',66,2,'LinkItem'),
	(100,'SilverStripe\\Versioned\\ChangeSetItem','2021-09-29 19:20:15','2021-09-29 19:20:15',0,2,'implicitly',66,20,'SilverStripe\\Assets\\File'),
	(101,'SilverStripe\\Versioned\\ChangeSetItem','2021-09-29 19:40:06','2021-09-29 19:40:06',32,34,'explicitly',67,1,'SilverStripe\\CMS\\Model\\SiteTree'),
	(102,'SilverStripe\\Versioned\\ChangeSetItem','2021-09-29 19:40:48','2021-09-29 19:40:47',7,10,'explicitly',68,8,'SilverStripe\\CMS\\Model\\SiteTree');

/*!40000 ALTER TABLE `ChangeSetItem` ENABLE KEYS */;
UNLOCK TABLES;


# Dump of table ChangeSetItem_ReferencedBy
# ------------------------------------------------------------

DROP TABLE IF EXISTS `ChangeSetItem_ReferencedBy`;

CREATE TABLE `ChangeSetItem_ReferencedBy` (
  `ID` int(11) NOT NULL AUTO_INCREMENT,
  `ChangeSetItemID` int(11) NOT NULL DEFAULT '0',
  `ChildID` int(11) NOT NULL DEFAULT '0',
  PRIMARY KEY (`ID`),
  KEY `ChangeSetItemID` (`ChangeSetItemID`),
  KEY `ChildID` (`ChildID`)
) ENGINE=InnoDB DEFAULT CHARSET=utf8;

LOCK TABLES `ChangeSetItem_ReferencedBy` WRITE;
/*!40000 ALTER TABLE `ChangeSetItem_ReferencedBy` DISABLE KEYS */;

INSERT INTO `ChangeSetItem_ReferencedBy` (`ID`, `ChangeSetItemID`, `ChildID`)
VALUES
	(1,33,32),
	(2,34,32),
	(3,44,43),
	(4,46,45),
	(5,47,45),
	(6,50,49),
	(7,51,49),
	(8,53,52),
	(9,54,52),
	(10,56,55),
	(11,57,55),
	(12,59,58),
	(13,61,60),
	(14,63,62),
	(15,64,62),
	(16,66,65),
	(17,67,65),
	(18,69,68),
	(19,71,70),
	(20,73,72),
	(21,75,74),
	(22,77,76),
	(23,78,76),
	(24,81,16),
	(25,82,17),
	(26,83,19),
	(27,84,20),
	(28,100,99);

/*!40000 ALTER TABLE `ChangeSetItem_ReferencedBy` ENABLE KEYS */;
UNLOCK TABLES;


# Dump of table ErrorPage
# ------------------------------------------------------------

DROP TABLE IF EXISTS `ErrorPage`;

CREATE TABLE `ErrorPage` (
  `ID` int(11) NOT NULL AUTO_INCREMENT,
  `ErrorCode` int(11) NOT NULL DEFAULT '0',
  PRIMARY KEY (`ID`)
) ENGINE=InnoDB DEFAULT CHARSET=utf8;

LOCK TABLES `ErrorPage` WRITE;
/*!40000 ALTER TABLE `ErrorPage` DISABLE KEYS */;

INSERT INTO `ErrorPage` (`ID`, `ErrorCode`)
VALUES
	(4,404),
	(5,500);

/*!40000 ALTER TABLE `ErrorPage` ENABLE KEYS */;
UNLOCK TABLES;


# Dump of table ErrorPage_Live
# ------------------------------------------------------------

DROP TABLE IF EXISTS `ErrorPage_Live`;

CREATE TABLE `ErrorPage_Live` (
  `ID` int(11) NOT NULL AUTO_INCREMENT,
  `ErrorCode` int(11) NOT NULL DEFAULT '0',
  PRIMARY KEY (`ID`)
) ENGINE=InnoDB DEFAULT CHARSET=utf8;

LOCK TABLES `ErrorPage_Live` WRITE;
/*!40000 ALTER TABLE `ErrorPage_Live` DISABLE KEYS */;

INSERT INTO `ErrorPage_Live` (`ID`, `ErrorCode`)
VALUES
	(4,404),
	(5,500);

/*!40000 ALTER TABLE `ErrorPage_Live` ENABLE KEYS */;
UNLOCK TABLES;


# Dump of table ErrorPage_Versions
# ------------------------------------------------------------

DROP TABLE IF EXISTS `ErrorPage_Versions`;

CREATE TABLE `ErrorPage_Versions` (
  `ID` int(11) NOT NULL AUTO_INCREMENT,
  `RecordID` int(11) NOT NULL DEFAULT '0',
  `Version` int(11) NOT NULL DEFAULT '0',
  `ErrorCode` int(11) NOT NULL DEFAULT '0',
  PRIMARY KEY (`ID`),
  UNIQUE KEY `RecordID_Version` (`RecordID`,`Version`),
  KEY `RecordID` (`RecordID`),
  KEY `Version` (`Version`)
) ENGINE=InnoDB DEFAULT CHARSET=utf8;

LOCK TABLES `ErrorPage_Versions` WRITE;
/*!40000 ALTER TABLE `ErrorPage_Versions` DISABLE KEYS */;

INSERT INTO `ErrorPage_Versions` (`ID`, `RecordID`, `Version`, `ErrorCode`)
VALUES
	(1,4,1,404),
	(2,4,2,404),
	(3,5,1,500),
	(4,5,2,500);

/*!40000 ALTER TABLE `ErrorPage_Versions` ENABLE KEYS */;
UNLOCK TABLES;


# Dump of table File
# ------------------------------------------------------------

DROP TABLE IF EXISTS `File`;

CREATE TABLE `File` (
  `ID` int(11) NOT NULL AUTO_INCREMENT,
  `ClassName` enum('SilverStripe\\Assets\\File','SilverStripe\\Assets\\Folder','SilverStripe\\Assets\\Image') DEFAULT 'SilverStripe\\Assets\\File',
  `LastEdited` datetime DEFAULT NULL,
  `Created` datetime DEFAULT NULL,
  `Version` int(11) NOT NULL DEFAULT '0',
  `CanViewType` enum('Anyone','LoggedInUsers','OnlyTheseUsers','Inherit') DEFAULT 'Inherit',
  `CanEditType` enum('LoggedInUsers','OnlyTheseUsers','Inherit') DEFAULT 'Inherit',
  `Name` varchar(255) DEFAULT NULL,
  `Title` varchar(255) DEFAULT NULL,
  `ShowInSearch` tinyint(1) unsigned NOT NULL DEFAULT '1',
  `ParentID` int(11) NOT NULL DEFAULT '0',
  `OwnerID` int(11) NOT NULL DEFAULT '0',
  `FileHash` varchar(255) DEFAULT NULL,
  `FileFilename` varchar(255) DEFAULT NULL,
  `FileVariant` varchar(255) DEFAULT NULL,
  PRIMARY KEY (`ID`),
  KEY `Name` (`Name`),
  KEY `ClassName` (`ClassName`),
  KEY `ParentID` (`ParentID`),
  KEY `OwnerID` (`OwnerID`),
  KEY `FileHash` (`FileHash`)
) ENGINE=InnoDB DEFAULT CHARSET=utf8;

LOCK TABLES `File` WRITE;
/*!40000 ALTER TABLE `File` DISABLE KEYS */;

INSERT INTO `File` (`ID`, `ClassName`, `LastEdited`, `Created`, `Version`, `CanViewType`, `CanEditType`, `Name`, `Title`, `ShowInSearch`, `ParentID`, `OwnerID`, `FileHash`, `FileFilename`, `FileVariant`)
VALUES
	(1,'SilverStripe\\Assets\\Image','2020-09-18 14:45:51','2020-09-18 14:45:50',2,'Inherit','Inherit','1.jpg','1',1,0,1,'b415a6013e8f7a9b242054cc9ba90ba859845b63','1.jpg',NULL),
	(2,'SilverStripe\\Assets\\Image','2020-09-18 14:45:52','2020-09-18 14:45:52',2,'Inherit','Inherit','2.jpg','2',1,0,1,'bb8692634ebc06ead66193627307015c3607fc24','2.jpg',NULL),
	(3,'SilverStripe\\Assets\\Image','2020-09-21 13:16:33','2020-09-18 14:45:52',3,'Inherit','Inherit','3.jpg','3',1,0,1,'0c6ef82cb15cf932922250c4334ac8df71bf2608','3.jpg',NULL),
	(4,'SilverStripe\\Assets\\Image','2020-09-18 14:45:54','2020-09-18 14:45:54',2,'Inherit','Inherit','4.jpg','4',1,0,1,'8f1bd9b3d8508712d0ef253368c66eb5adf55b4a','4.jpg',NULL),
	(5,'SilverStripe\\Assets\\Image','2020-09-22 18:34:38','2020-09-21 19:15:39',3,'Inherit','Inherit','section-bg.jpg','section bg',1,0,1,'ffcdec09e0306f359d01bafcb8d788150b56376e','section-bg.jpg',NULL),
	(6,'SilverStripe\\Assets\\Image','2020-09-21 19:16:08','2020-09-21 19:15:40',4,'Inherit','Inherit','1.png','1',1,0,1,'dafb65841bb81131349896534b8117135fc7d10f','1.png',NULL),
	(7,'SilverStripe\\Assets\\Folder','2020-09-22 15:48:48','2020-09-22 15:48:48',2,'Inherit','Inherit','Uploads','Uploads',1,0,1,NULL,NULL,NULL),
	(8,'SilverStripe\\Assets\\Image','2020-09-22 19:05:28','2020-09-22 19:05:28',1,'Inherit','Inherit','1.png','1',1,7,1,'dafb65841bb81131349896534b8117135fc7d10f','Uploads/1.png',NULL),
	(9,'SilverStripe\\Assets\\Image','2020-09-22 19:05:30','2020-09-22 19:05:30',1,'Inherit','Inherit','section-bg.jpg','section bg',1,7,1,'ffcdec09e0306f359d01bafcb8d788150b56376e','Uploads/section-bg.jpg',NULL),
	(10,'SilverStripe\\Assets\\Image','2020-09-22 19:07:24','2020-09-22 19:05:41',2,'Inherit','Inherit','hero-image.jpg','hero image',1,7,1,'f6cb696d5ba6b747267a6bfef25a2c5ee00227e7','Uploads/hero-image.jpg',NULL),
	(11,'SilverStripe\\Assets\\Image','2020-09-22 19:05:54','2020-09-22 19:05:54',1,'Inherit','Inherit','3.jpg','3',1,7,1,'6aaca2b40e9f7bc551ba40a4fc362fcecc65d13c','Uploads/3.jpg',NULL),
	(12,'SilverStripe\\Assets\\Image','2020-09-22 20:28:43','2020-09-22 19:05:55',2,'Inherit','Inherit','1.jpg','1',1,7,1,'088adf17a03a2f06bfa37b1eb1c245edcbee661b','Uploads/1.jpg',NULL),
	(13,'SilverStripe\\Assets\\Image','2020-09-22 19:05:56','2020-09-22 19:05:56',1,'Inherit','Inherit','2.jpg','2',1,7,1,'c820b2c1e0fbd0e2d20d98cd6f856c87c2f4c022','Uploads/2.jpg',NULL),
	(14,'SilverStripe\\Assets\\Image','2020-09-22 20:39:04','2020-09-22 19:06:13',2,'Inherit','Inherit','3-v2.jpg','3 v2',1,7,1,'0c6ef82cb15cf932922250c4334ac8df71bf2608','Uploads/3-v2.jpg',NULL),
	(15,'SilverStripe\\Assets\\Image','2020-09-22 20:38:00','2020-09-22 19:06:14',2,'Inherit','Inherit','1-v2.jpg','1 v2',1,7,1,'b415a6013e8f7a9b242054cc9ba90ba859845b63','Uploads/1-v2.jpg',NULL),
	(16,'SilverStripe\\Assets\\Image','2020-09-22 20:38:26','2020-09-22 19:06:15',2,'Inherit','Inherit','2-v2.jpg','2 v2',1,7,1,'bb8692634ebc06ead66193627307015c3607fc24','Uploads/2-v2.jpg',NULL),
	(17,'SilverStripe\\Assets\\Image','2020-09-22 20:39:35','2020-09-22 19:06:16',2,'Inherit','Inherit','4.jpg','4',1,7,1,'8f1bd9b3d8508712d0ef253368c66eb5adf55b4a','Uploads/4.jpg',NULL),
	(18,'SilverStripe\\Assets\\Image','2020-09-22 19:06:30','2020-09-22 19:06:30',1,'Inherit','Inherit','1-v3.jpg','1 v3',1,7,1,'6e1f72271be8e69dfd25fb673cf6985d5328b11c','Uploads/1-v3.jpg',NULL),
	(19,'SilverStripe\\Assets\\Image','2020-09-22 19:06:31','2020-09-22 19:06:31',1,'Inherit','Inherit','3-v3.jpg','3 v3',1,7,1,'49e7d60b92f39db7f9069b0e10619ab06ae425f6','Uploads/3-v3.jpg',NULL),
	(20,'SilverStripe\\Assets\\Image','2021-09-29 19:20:15','2020-09-22 19:06:31',2,'Inherit','Inherit','2-v3.jpg','2 v3',1,7,1,'f6c0f4ec883e0d04f1c76a9fbf0a7b3e498ff729','Uploads/2-v3.jpg',NULL),
	(21,'SilverStripe\\Assets\\Image','2020-09-22 19:06:32','2020-09-22 19:06:32',1,'Inherit','Inherit','4-v2.jpg','4 v2',1,7,1,'c1bf0f4056f3465ad3df401ff533c07a7adc5d4a','Uploads/4-v2.jpg',NULL);

/*!40000 ALTER TABLE `File` ENABLE KEYS */;
UNLOCK TABLES;


# Dump of table File_EditorGroups
# ------------------------------------------------------------

DROP TABLE IF EXISTS `File_EditorGroups`;

CREATE TABLE `File_EditorGroups` (
  `ID` int(11) NOT NULL AUTO_INCREMENT,
  `FileID` int(11) NOT NULL DEFAULT '0',
  `GroupID` int(11) NOT NULL DEFAULT '0',
  PRIMARY KEY (`ID`),
  KEY `FileID` (`FileID`),
  KEY `GroupID` (`GroupID`)
) ENGINE=InnoDB DEFAULT CHARSET=utf8;



# Dump of table File_Live
# ------------------------------------------------------------

DROP TABLE IF EXISTS `File_Live`;

CREATE TABLE `File_Live` (
  `ID` int(11) NOT NULL AUTO_INCREMENT,
  `ClassName` enum('SilverStripe\\Assets\\File','SilverStripe\\Assets\\Folder','SilverStripe\\Assets\\Image') DEFAULT 'SilverStripe\\Assets\\File',
  `LastEdited` datetime DEFAULT NULL,
  `Created` datetime DEFAULT NULL,
  `Version` int(11) NOT NULL DEFAULT '0',
  `CanViewType` enum('Anyone','LoggedInUsers','OnlyTheseUsers','Inherit') DEFAULT 'Inherit',
  `CanEditType` enum('LoggedInUsers','OnlyTheseUsers','Inherit') DEFAULT 'Inherit',
  `Name` varchar(255) DEFAULT NULL,
  `Title` varchar(255) DEFAULT NULL,
  `ShowInSearch` tinyint(1) unsigned NOT NULL DEFAULT '1',
  `ParentID` int(11) NOT NULL DEFAULT '0',
  `OwnerID` int(11) NOT NULL DEFAULT '0',
  `FileHash` varchar(255) DEFAULT NULL,
  `FileFilename` varchar(255) DEFAULT NULL,
  `FileVariant` varchar(255) DEFAULT NULL,
  PRIMARY KEY (`ID`),
  KEY `Name` (`Name`),
  KEY `ClassName` (`ClassName`),
  KEY `ParentID` (`ParentID`),
  KEY `OwnerID` (`OwnerID`),
  KEY `FileHash` (`FileHash`)
) ENGINE=InnoDB DEFAULT CHARSET=utf8;

LOCK TABLES `File_Live` WRITE;
/*!40000 ALTER TABLE `File_Live` DISABLE KEYS */;

INSERT INTO `File_Live` (`ID`, `ClassName`, `LastEdited`, `Created`, `Version`, `CanViewType`, `CanEditType`, `Name`, `Title`, `ShowInSearch`, `ParentID`, `OwnerID`, `FileHash`, `FileFilename`, `FileVariant`)
VALUES
	(3,'SilverStripe\\Assets\\Image','2020-09-21 13:16:33','2020-09-18 14:45:52',3,'Inherit','Inherit','3.jpg','3',1,0,1,'0c6ef82cb15cf932922250c4334ac8df71bf2608','3.jpg',NULL),
	(5,'SilverStripe\\Assets\\Image','2020-09-22 18:34:38','2020-09-21 19:15:39',3,'Inherit','Inherit','section-bg.jpg','section bg',1,0,1,'ffcdec09e0306f359d01bafcb8d788150b56376e','section-bg.jpg',NULL),
	(6,'SilverStripe\\Assets\\Image','2020-09-21 19:16:08','2020-09-21 19:15:40',4,'Inherit','Inherit','1.png','1',1,0,1,'dafb65841bb81131349896534b8117135fc7d10f','1.png',NULL),
	(7,'SilverStripe\\Assets\\Folder','2020-09-22 15:48:48','2020-09-22 15:48:48',2,'Inherit','Inherit','Uploads','Uploads',1,0,1,NULL,NULL,NULL),
	(10,'SilverStripe\\Assets\\Image','2020-09-22 19:07:24','2020-09-22 19:05:41',2,'Inherit','Inherit','hero-image.jpg','hero image',1,7,1,'f6cb696d5ba6b747267a6bfef25a2c5ee00227e7','Uploads/hero-image.jpg',NULL),
	(12,'SilverStripe\\Assets\\Image','2020-09-22 20:28:43','2020-09-22 19:05:55',2,'Inherit','Inherit','1.jpg','1',1,7,1,'088adf17a03a2f06bfa37b1eb1c245edcbee661b','Uploads/1.jpg',NULL),
	(14,'SilverStripe\\Assets\\Image','2020-09-22 20:39:04','2020-09-22 19:06:13',2,'Inherit','Inherit','3-v2.jpg','3 v2',1,7,1,'0c6ef82cb15cf932922250c4334ac8df71bf2608','Uploads/3-v2.jpg',NULL),
	(15,'SilverStripe\\Assets\\Image','2020-09-22 20:38:00','2020-09-22 19:06:14',2,'Inherit','Inherit','1-v2.jpg','1 v2',1,7,1,'b415a6013e8f7a9b242054cc9ba90ba859845b63','Uploads/1-v2.jpg',NULL),
	(16,'SilverStripe\\Assets\\Image','2020-09-22 20:38:26','2020-09-22 19:06:15',2,'Inherit','Inherit','2-v2.jpg','2 v2',1,7,1,'bb8692634ebc06ead66193627307015c3607fc24','Uploads/2-v2.jpg',NULL),
	(17,'SilverStripe\\Assets\\Image','2020-09-22 20:39:35','2020-09-22 19:06:16',2,'Inherit','Inherit','4.jpg','4',1,7,1,'8f1bd9b3d8508712d0ef253368c66eb5adf55b4a','Uploads/4.jpg',NULL),
	(20,'SilverStripe\\Assets\\Image','2021-09-29 19:20:15','2020-09-22 19:06:31',2,'Inherit','Inherit','2-v3.jpg','2 v3',1,7,1,'f6c0f4ec883e0d04f1c76a9fbf0a7b3e498ff729','Uploads/2-v3.jpg',NULL);

/*!40000 ALTER TABLE `File_Live` ENABLE KEYS */;
UNLOCK TABLES;


# Dump of table File_Versions
# ------------------------------------------------------------

DROP TABLE IF EXISTS `File_Versions`;

CREATE TABLE `File_Versions` (
  `ID` int(11) NOT NULL AUTO_INCREMENT,
  `RecordID` int(11) NOT NULL DEFAULT '0',
  `Version` int(11) NOT NULL DEFAULT '0',
  `WasPublished` tinyint(1) unsigned NOT NULL DEFAULT '0',
  `WasDeleted` tinyint(1) unsigned NOT NULL DEFAULT '0',
  `WasDraft` tinyint(1) unsigned NOT NULL DEFAULT '1',
  `AuthorID` int(11) NOT NULL DEFAULT '0',
  `PublisherID` int(11) NOT NULL DEFAULT '0',
  `ClassName` enum('SilverStripe\\Assets\\File','SilverStripe\\Assets\\Folder','SilverStripe\\Assets\\Image') DEFAULT 'SilverStripe\\Assets\\File',
  `LastEdited` datetime DEFAULT NULL,
  `Created` datetime DEFAULT NULL,
  `CanViewType` enum('Anyone','LoggedInUsers','OnlyTheseUsers','Inherit') DEFAULT 'Inherit',
  `CanEditType` enum('LoggedInUsers','OnlyTheseUsers','Inherit') DEFAULT 'Inherit',
  `Name` varchar(255) DEFAULT NULL,
  `Title` varchar(255) DEFAULT NULL,
  `ShowInSearch` tinyint(1) unsigned NOT NULL DEFAULT '1',
  `ParentID` int(11) NOT NULL DEFAULT '0',
  `OwnerID` int(11) NOT NULL DEFAULT '0',
  `FileHash` varchar(255) DEFAULT NULL,
  `FileFilename` varchar(255) DEFAULT NULL,
  `FileVariant` varchar(255) DEFAULT NULL,
  PRIMARY KEY (`ID`),
  KEY `RecordID_Version` (`RecordID`,`Version`),
  KEY `RecordID` (`RecordID`),
  KEY `Version` (`Version`),
  KEY `AuthorID` (`AuthorID`),
  KEY `PublisherID` (`PublisherID`),
  KEY `Name` (`Name`),
  KEY `ClassName` (`ClassName`),
  KEY `ParentID` (`ParentID`),
  KEY `OwnerID` (`OwnerID`),
  KEY `FileHash` (`FileHash`)
) ENGINE=InnoDB DEFAULT CHARSET=utf8;

LOCK TABLES `File_Versions` WRITE;
/*!40000 ALTER TABLE `File_Versions` DISABLE KEYS */;

INSERT INTO `File_Versions` (`ID`, `RecordID`, `Version`, `WasPublished`, `WasDeleted`, `WasDraft`, `AuthorID`, `PublisherID`, `ClassName`, `LastEdited`, `Created`, `CanViewType`, `CanEditType`, `Name`, `Title`, `ShowInSearch`, `ParentID`, `OwnerID`, `FileHash`, `FileFilename`, `FileVariant`)
VALUES
	(1,1,1,0,0,1,1,0,'SilverStripe\\Assets\\Image','2020-09-18 14:45:50','2020-09-18 14:45:50','Inherit','Inherit','1.jpg','1',1,0,1,'b415a6013e8f7a9b242054cc9ba90ba859845b63','1.jpg',NULL),
	(2,1,2,0,0,1,1,0,'SilverStripe\\Assets\\Image','2020-09-18 14:45:51','2020-09-18 14:45:50','Inherit','Inherit','1.jpg','1',1,0,1,'b415a6013e8f7a9b242054cc9ba90ba859845b63','1.jpg',NULL),
	(3,2,1,0,0,1,1,0,'SilverStripe\\Assets\\Image','2020-09-18 14:45:52','2020-09-18 14:45:52','Inherit','Inherit','2.jpg','2',1,0,1,'bb8692634ebc06ead66193627307015c3607fc24','2.jpg',NULL),
	(4,2,2,0,0,1,1,0,'SilverStripe\\Assets\\Image','2020-09-18 14:45:52','2020-09-18 14:45:52','Inherit','Inherit','2.jpg','2',1,0,1,'bb8692634ebc06ead66193627307015c3607fc24','2.jpg',NULL),
	(5,3,1,0,0,1,1,0,'SilverStripe\\Assets\\Image','2020-09-18 14:45:52','2020-09-18 14:45:52','Inherit','Inherit','3.jpg','3',1,0,1,'0c6ef82cb15cf932922250c4334ac8df71bf2608','3.jpg',NULL),
	(6,3,2,0,0,1,1,0,'SilverStripe\\Assets\\Image','2020-09-18 14:45:52','2020-09-18 14:45:52','Inherit','Inherit','3.jpg','3',1,0,1,'0c6ef82cb15cf932922250c4334ac8df71bf2608','3.jpg',NULL),
	(7,4,1,0,0,1,1,0,'SilverStripe\\Assets\\Image','2020-09-18 14:45:54','2020-09-18 14:45:54','Inherit','Inherit','4.jpg','4',1,0,1,'8f1bd9b3d8508712d0ef253368c66eb5adf55b4a','4.jpg',NULL),
	(8,4,2,0,0,1,1,0,'SilverStripe\\Assets\\Image','2020-09-18 14:45:54','2020-09-18 14:45:54','Inherit','Inherit','4.jpg','4',1,0,1,'8f1bd9b3d8508712d0ef253368c66eb5adf55b4a','4.jpg',NULL),
	(9,3,3,1,0,1,1,1,'SilverStripe\\Assets\\Image','2020-09-21 13:16:33','2020-09-18 14:45:52','Inherit','Inherit','3.jpg','3',1,0,1,'0c6ef82cb15cf932922250c4334ac8df71bf2608','3.jpg',NULL),
	(10,5,1,0,0,1,1,0,'SilverStripe\\Assets\\Image','2020-09-21 19:15:39','2020-09-21 19:15:39','Inherit','Inherit','section-bg.jpg','section bg',1,0,1,'ffcdec09e0306f359d01bafcb8d788150b56376e','section-bg.jpg',NULL),
	(11,5,2,0,0,1,1,0,'SilverStripe\\Assets\\Image','2020-09-21 19:15:39','2020-09-21 19:15:39','Inherit','Inherit','section-bg.jpg','section bg',1,0,1,'ffcdec09e0306f359d01bafcb8d788150b56376e','section-bg.jpg',NULL),
	(12,6,1,0,0,1,1,0,'SilverStripe\\Assets\\Image','2020-09-21 19:15:40','2020-09-21 19:15:40','Inherit','Inherit','1.png','1',1,0,1,'dafb65841bb81131349896534b8117135fc7d10f','1.png',NULL),
	(13,6,2,0,0,1,1,0,'SilverStripe\\Assets\\Image','2020-09-21 19:15:41','2020-09-21 19:15:40','Inherit','Inherit','1.png','1',1,0,1,'dafb65841bb81131349896534b8117135fc7d10f','1.png',NULL),
	(14,6,3,0,0,1,1,0,'SilverStripe\\Assets\\Image','2020-09-21 19:16:07','2020-09-21 19:15:40','Inherit','Inherit','1.png','1',1,0,1,'dafb65841bb81131349896534b8117135fc7d10f','1.png',NULL),
	(15,6,4,1,0,1,1,1,'SilverStripe\\Assets\\Image','2020-09-21 19:16:08','2020-09-21 19:15:40','Inherit','Inherit','1.png','1',1,0,1,'dafb65841bb81131349896534b8117135fc7d10f','1.png',NULL),
	(16,7,1,0,0,1,1,0,'SilverStripe\\Assets\\Folder','2020-09-22 15:48:48','2020-09-22 15:48:48','Inherit','Inherit','Uploads','Uploads',1,0,1,NULL,NULL,NULL),
	(17,7,2,1,0,1,1,1,'SilverStripe\\Assets\\Folder','2020-09-22 15:48:48','2020-09-22 15:48:48','Inherit','Inherit','Uploads','Uploads',1,0,1,NULL,NULL,NULL),
	(18,5,3,1,0,1,1,1,'SilverStripe\\Assets\\Image','2020-09-22 18:34:38','2020-09-21 19:15:39','Inherit','Inherit','section-bg.jpg','section bg',1,0,1,'ffcdec09e0306f359d01bafcb8d788150b56376e','section-bg.jpg',NULL),
	(19,8,1,0,0,1,1,0,'SilverStripe\\Assets\\Image','2020-09-22 19:05:28','2020-09-22 19:05:28','Inherit','Inherit','1.png','1',1,7,1,'dafb65841bb81131349896534b8117135fc7d10f','Uploads/1.png',NULL),
	(20,9,1,0,0,1,1,0,'SilverStripe\\Assets\\Image','2020-09-22 19:05:30','2020-09-22 19:05:30','Inherit','Inherit','section-bg.jpg','section bg',1,7,1,'ffcdec09e0306f359d01bafcb8d788150b56376e','Uploads/section-bg.jpg',NULL),
	(21,10,1,0,0,1,1,0,'SilverStripe\\Assets\\Image','2020-09-22 19:05:41','2020-09-22 19:05:41','Inherit','Inherit','hero-image.jpg','hero image',1,7,1,'f6cb696d5ba6b747267a6bfef25a2c5ee00227e7','Uploads/hero-image.jpg',NULL),
	(22,11,1,0,0,1,1,0,'SilverStripe\\Assets\\Image','2020-09-22 19:05:54','2020-09-22 19:05:54','Inherit','Inherit','3.jpg','3',1,7,1,'6aaca2b40e9f7bc551ba40a4fc362fcecc65d13c','Uploads/3.jpg',NULL),
	(23,12,1,0,0,1,1,0,'SilverStripe\\Assets\\Image','2020-09-22 19:05:55','2020-09-22 19:05:55','Inherit','Inherit','1.jpg','1',1,7,1,'088adf17a03a2f06bfa37b1eb1c245edcbee661b','Uploads/1.jpg',NULL),
	(24,13,1,0,0,1,1,0,'SilverStripe\\Assets\\Image','2020-09-22 19:05:56','2020-09-22 19:05:56','Inherit','Inherit','2.jpg','2',1,7,1,'c820b2c1e0fbd0e2d20d98cd6f856c87c2f4c022','Uploads/2.jpg',NULL),
	(25,14,1,0,0,1,1,0,'SilverStripe\\Assets\\Image','2020-09-22 19:06:13','2020-09-22 19:06:13','Inherit','Inherit','3-v2.jpg','3 v2',1,7,1,'0c6ef82cb15cf932922250c4334ac8df71bf2608','Uploads/3-v2.jpg',NULL),
	(26,15,1,0,0,1,1,0,'SilverStripe\\Assets\\Image','2020-09-22 19:06:14','2020-09-22 19:06:14','Inherit','Inherit','1-v2.jpg','1 v2',1,7,1,'b415a6013e8f7a9b242054cc9ba90ba859845b63','Uploads/1-v2.jpg',NULL),
	(27,16,1,0,0,1,1,0,'SilverStripe\\Assets\\Image','2020-09-22 19:06:15','2020-09-22 19:06:15','Inherit','Inherit','2-v2.jpg','2 v2',1,7,1,'bb8692634ebc06ead66193627307015c3607fc24','Uploads/2-v2.jpg',NULL),
	(28,17,1,0,0,1,1,0,'SilverStripe\\Assets\\Image','2020-09-22 19:06:16','2020-09-22 19:06:16','Inherit','Inherit','4.jpg','4',1,7,1,'8f1bd9b3d8508712d0ef253368c66eb5adf55b4a','Uploads/4.jpg',NULL),
	(29,18,1,0,0,1,1,0,'SilverStripe\\Assets\\Image','2020-09-22 19:06:30','2020-09-22 19:06:30','Inherit','Inherit','1-v3.jpg','1 v3',1,7,1,'6e1f72271be8e69dfd25fb673cf6985d5328b11c','Uploads/1-v3.jpg',NULL),
	(30,19,1,0,0,1,1,0,'SilverStripe\\Assets\\Image','2020-09-22 19:06:31','2020-09-22 19:06:31','Inherit','Inherit','3-v3.jpg','3 v3',1,7,1,'49e7d60b92f39db7f9069b0e10619ab06ae425f6','Uploads/3-v3.jpg',NULL),
	(31,20,1,0,0,1,1,0,'SilverStripe\\Assets\\Image','2020-09-22 19:06:31','2020-09-22 19:06:31','Inherit','Inherit','2-v3.jpg','2 v3',1,7,1,'f6c0f4ec883e0d04f1c76a9fbf0a7b3e498ff729','Uploads/2-v3.jpg',NULL),
	(32,21,1,0,0,1,1,0,'SilverStripe\\Assets\\Image','2020-09-22 19:06:32','2020-09-22 19:06:32','Inherit','Inherit','4-v2.jpg','4 v2',1,7,1,'c1bf0f4056f3465ad3df401ff533c07a7adc5d4a','Uploads/4-v2.jpg',NULL),
	(33,10,2,1,0,1,1,1,'SilverStripe\\Assets\\Image','2020-09-22 19:07:24','2020-09-22 19:05:41','Inherit','Inherit','hero-image.jpg','hero image',1,7,1,'f6cb696d5ba6b747267a6bfef25a2c5ee00227e7','Uploads/hero-image.jpg',NULL),
	(34,12,2,1,0,1,1,1,'SilverStripe\\Assets\\Image','2020-09-22 20:28:43','2020-09-22 19:05:55','Inherit','Inherit','1.jpg','1',1,7,1,'088adf17a03a2f06bfa37b1eb1c245edcbee661b','Uploads/1.jpg',NULL),
	(35,15,2,1,0,1,1,1,'SilverStripe\\Assets\\Image','2020-09-22 20:38:00','2020-09-22 19:06:14','Inherit','Inherit','1-v2.jpg','1 v2',1,7,1,'b415a6013e8f7a9b242054cc9ba90ba859845b63','Uploads/1-v2.jpg',NULL),
	(36,16,2,1,0,1,1,1,'SilverStripe\\Assets\\Image','2020-09-22 20:38:26','2020-09-22 19:06:15','Inherit','Inherit','2-v2.jpg','2 v2',1,7,1,'bb8692634ebc06ead66193627307015c3607fc24','Uploads/2-v2.jpg',NULL),
	(37,14,2,1,0,1,1,1,'SilverStripe\\Assets\\Image','2020-09-22 20:39:04','2020-09-22 19:06:13','Inherit','Inherit','3-v2.jpg','3 v2',1,7,1,'0c6ef82cb15cf932922250c4334ac8df71bf2608','Uploads/3-v2.jpg',NULL),
	(38,17,2,1,0,1,1,1,'SilverStripe\\Assets\\Image','2020-09-22 20:39:35','2020-09-22 19:06:16','Inherit','Inherit','4.jpg','4',1,7,1,'8f1bd9b3d8508712d0ef253368c66eb5adf55b4a','Uploads/4.jpg',NULL),
	(39,20,2,1,0,1,1,1,'SilverStripe\\Assets\\Image','2021-09-29 19:20:15','2020-09-22 19:06:31','Inherit','Inherit','2-v3.jpg','2 v3',1,7,1,'f6c0f4ec883e0d04f1c76a9fbf0a7b3e498ff729','Uploads/2-v3.jpg',NULL);

/*!40000 ALTER TABLE `File_Versions` ENABLE KEYS */;
UNLOCK TABLES;


# Dump of table File_ViewerGroups
# ------------------------------------------------------------

DROP TABLE IF EXISTS `File_ViewerGroups`;

CREATE TABLE `File_ViewerGroups` (
  `ID` int(11) NOT NULL AUTO_INCREMENT,
  `FileID` int(11) NOT NULL DEFAULT '0',
  `GroupID` int(11) NOT NULL DEFAULT '0',
  PRIMARY KEY (`ID`),
  KEY `FileID` (`FileID`),
  KEY `GroupID` (`GroupID`)
) ENGINE=InnoDB DEFAULT CHARSET=utf8;



# Dump of table FileLink
# ------------------------------------------------------------

DROP TABLE IF EXISTS `FileLink`;

CREATE TABLE `FileLink` (
  `ID` int(11) NOT NULL AUTO_INCREMENT,
  `ClassName` enum('SilverStripe\\Assets\\Shortcodes\\FileLink') DEFAULT 'SilverStripe\\Assets\\Shortcodes\\FileLink',
  `LastEdited` datetime DEFAULT NULL,
  `Created` datetime DEFAULT NULL,
  `LinkedID` int(11) NOT NULL DEFAULT '0',
  `ParentID` int(11) NOT NULL DEFAULT '0',
  `ParentClass` enum('SilverStripe\\Assets\\File','SilverStripe\\SiteConfig\\SiteConfig','SilverStripe\\Versioned\\ChangeSet','SilverStripe\\Versioned\\ChangeSetItem','SilverStripe\\Assets\\Shortcodes\\FileLink','SilverStripe\\CMS\\Model\\SiteTree','SilverStripe\\CMS\\Model\\SiteTreeLink','SilverStripe\\Security\\Group','SilverStripe\\Security\\LoginAttempt','SilverStripe\\Security\\Member','SilverStripe\\Security\\MemberPassword','SilverStripe\\Security\\Permission','SilverStripe\\Security\\PermissionRole','SilverStripe\\Security\\PermissionRoleCode','SilverStripe\\Security\\RememberLoginHash','SilverStripe\\Assets\\Folder','SilverStripe\\Assets\\Image','Page','SilverStripe\\ErrorPage\\ErrorPage','SilverStripe\\CMS\\Model\\RedirectorPage','SilverStripe\\CMS\\Model\\VirtualPage') DEFAULT 'SilverStripe\\Assets\\File',
  PRIMARY KEY (`ID`),
  KEY `ClassName` (`ClassName`),
  KEY `LinkedID` (`LinkedID`),
  KEY `Parent` (`ParentID`,`ParentClass`)
) ENGINE=InnoDB DEFAULT CHARSET=utf8;

LOCK TABLES `FileLink` WRITE;
/*!40000 ALTER TABLE `FileLink` DISABLE KEYS */;

INSERT INTO `FileLink` (`ID`, `ClassName`, `LastEdited`, `Created`, `LinkedID`, `ParentID`, `ParentClass`)
VALUES
	(1,'SilverStripe\\Assets\\Shortcodes\\FileLink','2020-09-21 13:16:33','2020-09-21 13:16:33',3,18,'Page');

/*!40000 ALTER TABLE `FileLink` ENABLE KEYS */;
UNLOCK TABLES;


# Dump of table Group
# ------------------------------------------------------------

DROP TABLE IF EXISTS `Group`;

CREATE TABLE `Group` (
  `ID` int(11) NOT NULL AUTO_INCREMENT,
  `ClassName` enum('SilverStripe\\Security\\Group') DEFAULT 'SilverStripe\\Security\\Group',
  `LastEdited` datetime DEFAULT NULL,
  `Created` datetime DEFAULT NULL,
  `Title` varchar(255) DEFAULT NULL,
  `Description` mediumtext,
  `Code` varchar(255) DEFAULT NULL,
  `Locked` tinyint(1) unsigned NOT NULL DEFAULT '0',
  `Sort` int(11) NOT NULL DEFAULT '0',
  `HtmlEditorConfig` mediumtext,
  `ParentID` int(11) NOT NULL DEFAULT '0',
  PRIMARY KEY (`ID`),
  KEY `ClassName` (`ClassName`),
  KEY `ParentID` (`ParentID`)
) ENGINE=InnoDB DEFAULT CHARSET=utf8;

LOCK TABLES `Group` WRITE;
/*!40000 ALTER TABLE `Group` DISABLE KEYS */;

INSERT INTO `Group` (`ID`, `ClassName`, `LastEdited`, `Created`, `Title`, `Description`, `Code`, `Locked`, `Sort`, `HtmlEditorConfig`, `ParentID`)
VALUES
	(1,'SilverStripe\\Security\\Group','2020-09-14 13:48:27','2020-09-14 13:48:27','Content Authors',NULL,'content-authors',0,1,NULL,0),
	(2,'SilverStripe\\Security\\Group','2020-09-14 13:48:28','2020-09-14 13:48:28','Administrators',NULL,'administrators',0,0,NULL,0);

/*!40000 ALTER TABLE `Group` ENABLE KEYS */;
UNLOCK TABLES;


# Dump of table Group_Members
# ------------------------------------------------------------

DROP TABLE IF EXISTS `Group_Members`;

CREATE TABLE `Group_Members` (
  `ID` int(11) NOT NULL AUTO_INCREMENT,
  `GroupID` int(11) NOT NULL DEFAULT '0',
  `MemberID` int(11) NOT NULL DEFAULT '0',
  PRIMARY KEY (`ID`),
  KEY `GroupID` (`GroupID`),
  KEY `MemberID` (`MemberID`)
) ENGINE=InnoDB DEFAULT CHARSET=utf8;

LOCK TABLES `Group_Members` WRITE;
/*!40000 ALTER TABLE `Group_Members` DISABLE KEYS */;

INSERT INTO `Group_Members` (`ID`, `GroupID`, `MemberID`)
VALUES
	(1,2,1),
	(2,2,2);

/*!40000 ALTER TABLE `Group_Members` ENABLE KEYS */;
UNLOCK TABLES;


# Dump of table Group_Roles
# ------------------------------------------------------------

DROP TABLE IF EXISTS `Group_Roles`;

CREATE TABLE `Group_Roles` (
  `ID` int(11) NOT NULL AUTO_INCREMENT,
  `GroupID` int(11) NOT NULL DEFAULT '0',
  `PermissionRoleID` int(11) NOT NULL DEFAULT '0',
  PRIMARY KEY (`ID`),
  KEY `GroupID` (`GroupID`),
  KEY `PermissionRoleID` (`PermissionRoleID`)
) ENGINE=InnoDB DEFAULT CHARSET=utf8;



# Dump of table LoginAttempt
# ------------------------------------------------------------

DROP TABLE IF EXISTS `LoginAttempt`;

CREATE TABLE `LoginAttempt` (
  `ID` int(11) NOT NULL AUTO_INCREMENT,
  `ClassName` enum('SilverStripe\\Security\\LoginAttempt') DEFAULT 'SilverStripe\\Security\\LoginAttempt',
  `LastEdited` datetime DEFAULT NULL,
  `Created` datetime DEFAULT NULL,
  `Email` varchar(255) DEFAULT NULL,
  `EmailHashed` varchar(255) DEFAULT NULL,
  `Status` enum('Success','Failure') DEFAULT 'Success',
  `IP` varchar(255) DEFAULT NULL,
  `MemberID` int(11) NOT NULL DEFAULT '0',
  PRIMARY KEY (`ID`),
  KEY `ClassName` (`ClassName`),
  KEY `MemberID` (`MemberID`),
  KEY `EmailHashed` (`EmailHashed`)
) ENGINE=InnoDB DEFAULT CHARSET=utf8;

LOCK TABLES `LoginAttempt` WRITE;
/*!40000 ALTER TABLE `LoginAttempt` DISABLE KEYS */;

INSERT INTO `LoginAttempt` (`ID`, `ClassName`, `LastEdited`, `Created`, `Email`, `EmailHashed`, `Status`, `IP`, `MemberID`)
VALUES
	(1,'SilverStripe\\Security\\LoginAttempt','2020-09-14 13:58:21','2020-09-14 13:58:21',NULL,'d033e22ae348aeb5660fc2140aec35850c4da997','Success','::1',1),
	(2,'SilverStripe\\Security\\LoginAttempt','2020-09-17 13:19:24','2020-09-17 13:19:24',NULL,'d033e22ae348aeb5660fc2140aec35850c4da997','Success','::1',1),
	(3,'SilverStripe\\Security\\LoginAttempt','2020-09-18 13:55:33','2020-09-18 13:55:33',NULL,'d033e22ae348aeb5660fc2140aec35850c4da997','Success','::1',1),
	(4,'SilverStripe\\Security\\LoginAttempt','2020-09-18 14:06:15','2020-09-18 14:06:15',NULL,'d033e22ae348aeb5660fc2140aec35850c4da997','Success','::1',1),
	(5,'SilverStripe\\Security\\LoginAttempt','2020-09-18 14:34:56','2020-09-18 14:34:56',NULL,'d033e22ae348aeb5660fc2140aec35850c4da997','Success','::1',1),
	(6,'SilverStripe\\Security\\LoginAttempt','2020-09-23 15:35:48','2020-09-23 15:35:48',NULL,'d033e22ae348aeb5660fc2140aec35850c4da997','Success','::1',1),
	(7,'SilverStripe\\Security\\LoginAttempt','2021-09-16 16:40:50','2021-09-16 16:40:50',NULL,'d033e22ae348aeb5660fc2140aec35850c4da997','Success','::1',1),
	(8,'SilverStripe\\Security\\LoginAttempt','2021-09-29 19:39:54','2021-09-29 19:39:54',NULL,'d033e22ae348aeb5660fc2140aec35850c4da997','Success','::1',1);

/*!40000 ALTER TABLE `LoginAttempt` ENABLE KEYS */;
UNLOCK TABLES;


# Dump of table Member
# ------------------------------------------------------------

DROP TABLE IF EXISTS `Member`;

CREATE TABLE `Member` (
  `ID` int(11) NOT NULL AUTO_INCREMENT,
  `ClassName` enum('SilverStripe\\Security\\Member') DEFAULT 'SilverStripe\\Security\\Member',
  `LastEdited` datetime DEFAULT NULL,
  `Created` datetime DEFAULT NULL,
  `FirstName` varchar(255) DEFAULT NULL,
  `Surname` varchar(255) DEFAULT NULL,
  `Email` varchar(254) DEFAULT NULL,
  `TempIDHash` varchar(160) DEFAULT NULL,
  `TempIDExpired` datetime DEFAULT NULL,
  `Password` varchar(160) DEFAULT NULL,
  `AutoLoginHash` varchar(160) DEFAULT NULL,
  `AutoLoginExpired` datetime DEFAULT NULL,
  `PasswordEncryption` varchar(50) DEFAULT NULL,
  `Salt` varchar(50) DEFAULT NULL,
  `PasswordExpiry` date DEFAULT NULL,
  `LockedOutUntil` datetime DEFAULT NULL,
  `Locale` varchar(6) DEFAULT NULL,
  `FailedLoginCount` int(11) NOT NULL DEFAULT '0',
  PRIMARY KEY (`ID`),
  KEY `Surname` (`Surname`),
  KEY `FirstName` (`FirstName`),
  KEY `ClassName` (`ClassName`),
  KEY `Email` (`Email`)
) ENGINE=InnoDB DEFAULT CHARSET=utf8;

LOCK TABLES `Member` WRITE;
/*!40000 ALTER TABLE `Member` DISABLE KEYS */;

INSERT INTO `Member` (`ID`, `ClassName`, `LastEdited`, `Created`, `FirstName`, `Surname`, `Email`, `TempIDHash`, `TempIDExpired`, `Password`, `AutoLoginHash`, `AutoLoginExpired`, `PasswordEncryption`, `Salt`, `PasswordExpiry`, `LockedOutUntil`, `Locale`, `FailedLoginCount`)
VALUES
	(1,'SilverStripe\\Security\\Member','2021-09-29 19:39:54','2020-09-14 13:48:28','Default Admin',NULL,'admin','da923ffbd409aa8f4fa0634c001db9ebe800b84e','2021-10-02 19:39:54',NULL,NULL,NULL,'none',NULL,NULL,NULL,'en_US',0),
	(2,'SilverStripe\\Security\\Member','2020-09-22 23:36:12','2020-09-22 23:36:12','Herbert','Cuba Garcia','herbert@silverpets.com',NULL,NULL,'$2y$10$772f414aba0322706dc26uvhsOc1eJj9pcUhK1MKzL3wIyelKWtK2',NULL,NULL,'blowfish','10$772f414aba0322706dc269',NULL,NULL,'en_US',0);

/*!40000 ALTER TABLE `Member` ENABLE KEYS */;
UNLOCK TABLES;


# Dump of table MemberPassword
# ------------------------------------------------------------

DROP TABLE IF EXISTS `MemberPassword`;

CREATE TABLE `MemberPassword` (
  `ID` int(11) NOT NULL AUTO_INCREMENT,
  `ClassName` enum('SilverStripe\\Security\\MemberPassword') DEFAULT 'SilverStripe\\Security\\MemberPassword',
  `LastEdited` datetime DEFAULT NULL,
  `Created` datetime DEFAULT NULL,
  `Password` varchar(160) DEFAULT NULL,
  `Salt` varchar(50) DEFAULT NULL,
  `PasswordEncryption` varchar(50) DEFAULT NULL,
  `MemberID` int(11) NOT NULL DEFAULT '0',
  PRIMARY KEY (`ID`),
  KEY `ClassName` (`ClassName`),
  KEY `MemberID` (`MemberID`)
) ENGINE=InnoDB DEFAULT CHARSET=utf8;

LOCK TABLES `MemberPassword` WRITE;
/*!40000 ALTER TABLE `MemberPassword` DISABLE KEYS */;

INSERT INTO `MemberPassword` (`ID`, `ClassName`, `LastEdited`, `Created`, `Password`, `Salt`, `PasswordEncryption`, `MemberID`)
VALUES
	(1,'SilverStripe\\Security\\MemberPassword','2020-09-14 13:48:28','2020-09-14 13:48:28',NULL,NULL,'none',1),
	(2,'SilverStripe\\Security\\MemberPassword','2020-09-22 23:36:12','2020-09-22 23:36:12','$2y$10$772f414aba0322706dc26uvhsOc1eJj9pcUhK1MKzL3wIyelKWtK2','10$772f414aba0322706dc269','blowfish',2);

/*!40000 ALTER TABLE `MemberPassword` ENABLE KEYS */;
UNLOCK TABLES;


# Dump of table Permission
# ------------------------------------------------------------

DROP TABLE IF EXISTS `Permission`;

CREATE TABLE `Permission` (
  `ID` int(11) NOT NULL AUTO_INCREMENT,
  `ClassName` enum('SilverStripe\\Security\\Permission') DEFAULT 'SilverStripe\\Security\\Permission',
  `LastEdited` datetime DEFAULT NULL,
  `Created` datetime DEFAULT NULL,
  `Code` varchar(255) DEFAULT NULL,
  `Arg` int(11) NOT NULL DEFAULT '0',
  `Type` int(11) NOT NULL DEFAULT '1',
  `GroupID` int(11) NOT NULL DEFAULT '0',
  PRIMARY KEY (`ID`),
  KEY `ClassName` (`ClassName`),
  KEY `GroupID` (`GroupID`),
  KEY `Code` (`Code`)
) ENGINE=InnoDB DEFAULT CHARSET=utf8;

LOCK TABLES `Permission` WRITE;
/*!40000 ALTER TABLE `Permission` DISABLE KEYS */;

INSERT INTO `Permission` (`ID`, `ClassName`, `LastEdited`, `Created`, `Code`, `Arg`, `Type`, `GroupID`)
VALUES
	(1,'SilverStripe\\Security\\Permission','2020-09-14 13:48:28','2020-09-14 13:48:28','CMS_ACCESS_CMSMain',0,1,1),
	(2,'SilverStripe\\Security\\Permission','2020-09-14 13:48:28','2020-09-14 13:48:28','CMS_ACCESS_AssetAdmin',0,1,1),
	(3,'SilverStripe\\Security\\Permission','2020-09-14 13:48:28','2020-09-14 13:48:28','CMS_ACCESS_ReportAdmin',0,1,1),
	(4,'SilverStripe\\Security\\Permission','2020-09-14 13:48:28','2020-09-14 13:48:28','SITETREE_REORGANISE',0,1,1),
	(5,'SilverStripe\\Security\\Permission','2020-09-14 13:48:28','2020-09-14 13:48:28','ADMIN',0,1,2);

/*!40000 ALTER TABLE `Permission` ENABLE KEYS */;
UNLOCK TABLES;


# Dump of table PermissionRole
# ------------------------------------------------------------

DROP TABLE IF EXISTS `PermissionRole`;

CREATE TABLE `PermissionRole` (
  `ID` int(11) NOT NULL AUTO_INCREMENT,
  `ClassName` enum('SilverStripe\\Security\\PermissionRole') DEFAULT 'SilverStripe\\Security\\PermissionRole',
  `LastEdited` datetime DEFAULT NULL,
  `Created` datetime DEFAULT NULL,
  `Title` varchar(255) DEFAULT NULL,
  `OnlyAdminCanApply` tinyint(1) unsigned NOT NULL DEFAULT '0',
  PRIMARY KEY (`ID`),
  KEY `Title` (`Title`),
  KEY `ClassName` (`ClassName`)
) ENGINE=InnoDB DEFAULT CHARSET=utf8;

LOCK TABLES `PermissionRole` WRITE;
/*!40000 ALTER TABLE `PermissionRole` DISABLE KEYS */;

INSERT INTO `PermissionRole` (`ID`, `ClassName`, `LastEdited`, `Created`, `Title`, `OnlyAdminCanApply`)
VALUES
	(1,'SilverStripe\\Security\\PermissionRole','2020-09-18 14:49:16','2020-09-18 14:49:16','Author',0),
	(2,'SilverStripe\\Security\\PermissionRole','2020-09-18 14:49:40','2020-09-18 14:49:40','Admin',1);

/*!40000 ALTER TABLE `PermissionRole` ENABLE KEYS */;
UNLOCK TABLES;


# Dump of table PermissionRoleCode
# ------------------------------------------------------------

DROP TABLE IF EXISTS `PermissionRoleCode`;

CREATE TABLE `PermissionRoleCode` (
  `ID` int(11) NOT NULL AUTO_INCREMENT,
  `ClassName` enum('SilverStripe\\Security\\PermissionRoleCode') DEFAULT 'SilverStripe\\Security\\PermissionRoleCode',
  `LastEdited` datetime DEFAULT NULL,
  `Created` datetime DEFAULT NULL,
  `Code` varchar(255) DEFAULT NULL,
  `RoleID` int(11) NOT NULL DEFAULT '0',
  PRIMARY KEY (`ID`),
  KEY `ClassName` (`ClassName`),
  KEY `RoleID` (`RoleID`)
) ENGINE=InnoDB DEFAULT CHARSET=utf8;

LOCK TABLES `PermissionRoleCode` WRITE;
/*!40000 ALTER TABLE `PermissionRoleCode` DISABLE KEYS */;

INSERT INTO `PermissionRoleCode` (`ID`, `ClassName`, `LastEdited`, `Created`, `Code`, `RoleID`)
VALUES
	(1,'SilverStripe\\Security\\PermissionRoleCode','2020-09-18 14:49:16','2020-09-18 14:49:16','CMS_ACCESS_CMSMain',1),
	(2,'SilverStripe\\Security\\PermissionRoleCode','2020-09-18 14:49:16','2020-09-18 14:49:16','CMS_ACCESS_SilverStripe\\VersionedAdmin\\ArchiveAdmin',1),
	(3,'SilverStripe\\Security\\PermissionRoleCode','2020-09-18 14:49:16','2020-09-18 14:49:16','CMS_ACCESS_CampaignAdmin',1),
	(4,'SilverStripe\\Security\\PermissionRoleCode','2020-09-18 14:49:16','2020-09-18 14:49:16','CMS_ACCESS_AssetAdmin',1),
	(5,'SilverStripe\\Security\\PermissionRoleCode','2020-09-18 14:49:16','2020-09-18 14:49:16','FILE_EDIT_ALL',1),
	(6,'SilverStripe\\Security\\PermissionRoleCode','2020-09-18 14:49:16','2020-09-18 14:49:16','SITETREE_VIEW_ALL',1),
	(7,'SilverStripe\\Security\\PermissionRoleCode','2020-09-18 14:49:16','2020-09-18 14:49:16','SITETREE_EDIT_ALL',1),
	(8,'SilverStripe\\Security\\PermissionRoleCode','2020-09-18 14:49:16','2020-09-18 14:49:16','VIEW_DRAFT_CONTENT',1),
	(9,'SilverStripe\\Security\\PermissionRoleCode','2020-09-18 14:49:40','2020-09-18 14:49:40','ADMIN',2);

/*!40000 ALTER TABLE `PermissionRoleCode` ENABLE KEYS */;
UNLOCK TABLES;


# Dump of table RedirectorPage
# ------------------------------------------------------------

DROP TABLE IF EXISTS `RedirectorPage`;

CREATE TABLE `RedirectorPage` (
  `ID` int(11) NOT NULL AUTO_INCREMENT,
  `RedirectionType` enum('Internal','External') DEFAULT 'Internal',
  `ExternalURL` varchar(2083) DEFAULT NULL,
  `LinkToID` int(11) NOT NULL DEFAULT '0',
  PRIMARY KEY (`ID`),
  KEY `LinkToID` (`LinkToID`)
) ENGINE=InnoDB DEFAULT CHARSET=utf8;

LOCK TABLES `RedirectorPage` WRITE;
/*!40000 ALTER TABLE `RedirectorPage` DISABLE KEYS */;

INSERT INTO `RedirectorPage` (`ID`, `RedirectionType`, `ExternalURL`, `LinkToID`)
VALUES
	(21,'Internal',NULL,8);

/*!40000 ALTER TABLE `RedirectorPage` ENABLE KEYS */;
UNLOCK TABLES;


# Dump of table RedirectorPage_Live
# ------------------------------------------------------------

DROP TABLE IF EXISTS `RedirectorPage_Live`;

CREATE TABLE `RedirectorPage_Live` (
  `ID` int(11) NOT NULL AUTO_INCREMENT,
  `RedirectionType` enum('Internal','External') DEFAULT 'Internal',
  `ExternalURL` varchar(2083) DEFAULT NULL,
  `LinkToID` int(11) NOT NULL DEFAULT '0',
  PRIMARY KEY (`ID`),
  KEY `LinkToID` (`LinkToID`)
) ENGINE=InnoDB DEFAULT CHARSET=utf8;

LOCK TABLES `RedirectorPage_Live` WRITE;
/*!40000 ALTER TABLE `RedirectorPage_Live` DISABLE KEYS */;

INSERT INTO `RedirectorPage_Live` (`ID`, `RedirectionType`, `ExternalURL`, `LinkToID`)
VALUES
	(21,'Internal',NULL,8);

/*!40000 ALTER TABLE `RedirectorPage_Live` ENABLE KEYS */;
UNLOCK TABLES;


# Dump of table RedirectorPage_Versions
# ------------------------------------------------------------

DROP TABLE IF EXISTS `RedirectorPage_Versions`;

CREATE TABLE `RedirectorPage_Versions` (
  `ID` int(11) NOT NULL AUTO_INCREMENT,
  `RecordID` int(11) NOT NULL DEFAULT '0',
  `Version` int(11) NOT NULL DEFAULT '0',
  `RedirectionType` enum('Internal','External') DEFAULT 'Internal',
  `ExternalURL` varchar(2083) DEFAULT NULL,
  `LinkToID` int(11) NOT NULL DEFAULT '0',
  PRIMARY KEY (`ID`),
  UNIQUE KEY `RecordID_Version` (`RecordID`,`Version`),
  KEY `RecordID` (`RecordID`),
  KEY `Version` (`Version`),
  KEY `LinkToID` (`LinkToID`)
) ENGINE=InnoDB DEFAULT CHARSET=utf8;

LOCK TABLES `RedirectorPage_Versions` WRITE;
/*!40000 ALTER TABLE `RedirectorPage_Versions` DISABLE KEYS */;

INSERT INTO `RedirectorPage_Versions` (`ID`, `RecordID`, `Version`, `RedirectionType`, `ExternalURL`, `LinkToID`)
VALUES
	(1,14,1,'Internal',NULL,0),
	(2,14,2,'Internal',NULL,8),
	(3,14,3,'Internal',NULL,8),
	(4,14,4,'Internal',NULL,8),
	(5,14,5,'Internal',NULL,8),
	(6,21,1,'Internal',NULL,0),
	(7,21,2,'Internal',NULL,8),
	(8,21,3,'Internal',NULL,8);

/*!40000 ALTER TABLE `RedirectorPage_Versions` ENABLE KEYS */;
UNLOCK TABLES;


# Dump of table RememberLoginHash
# ------------------------------------------------------------

DROP TABLE IF EXISTS `RememberLoginHash`;

CREATE TABLE `RememberLoginHash` (
  `ID` int(11) NOT NULL AUTO_INCREMENT,
  `ClassName` enum('SilverStripe\\Security\\RememberLoginHash') DEFAULT 'SilverStripe\\Security\\RememberLoginHash',
  `LastEdited` datetime DEFAULT NULL,
  `Created` datetime DEFAULT NULL,
  `DeviceID` varchar(40) DEFAULT NULL,
  `Hash` varchar(160) DEFAULT NULL,
  `ExpiryDate` datetime DEFAULT NULL,
  `MemberID` int(11) NOT NULL DEFAULT '0',
  PRIMARY KEY (`ID`),
  KEY `ClassName` (`ClassName`),
  KEY `MemberID` (`MemberID`),
  KEY `DeviceID` (`DeviceID`),
  KEY `Hash` (`Hash`)
) ENGINE=InnoDB DEFAULT CHARSET=utf8;



# Dump of table SiteConfig
# ------------------------------------------------------------

DROP TABLE IF EXISTS `SiteConfig`;

CREATE TABLE `SiteConfig` (
  `ID` int(11) NOT NULL AUTO_INCREMENT,
  `ClassName` enum('SilverStripe\\SiteConfig\\SiteConfig') DEFAULT 'SilverStripe\\SiteConfig\\SiteConfig',
  `LastEdited` datetime DEFAULT NULL,
  `Created` datetime DEFAULT NULL,
  `Title` varchar(255) DEFAULT NULL,
  `Tagline` varchar(255) DEFAULT NULL,
  `CanViewType` enum('Anyone','LoggedInUsers','OnlyTheseUsers') DEFAULT 'Anyone',
  `CanEditType` enum('LoggedInUsers','OnlyTheseUsers') DEFAULT 'LoggedInUsers',
  `CanCreateTopLevelType` enum('LoggedInUsers','OnlyTheseUsers') DEFAULT 'LoggedInUsers',
  PRIMARY KEY (`ID`),
  KEY `ClassName` (`ClassName`)
) ENGINE=InnoDB DEFAULT CHARSET=utf8;

LOCK TABLES `SiteConfig` WRITE;
/*!40000 ALTER TABLE `SiteConfig` DISABLE KEYS */;

INSERT INTO `SiteConfig` (`ID`, `ClassName`, `LastEdited`, `Created`, `Title`, `Tagline`, `CanViewType`, `CanEditType`, `CanCreateTopLevelType`)
VALUES
	(1,'SilverStripe\\SiteConfig\\SiteConfig','2021-09-29 17:56:00','2020-09-14 13:48:27','SilverPets','Open source pets for life','Anyone','LoggedInUsers','LoggedInUsers');

/*!40000 ALTER TABLE `SiteConfig` ENABLE KEYS */;
UNLOCK TABLES;


# Dump of table SiteConfig_CreateTopLevelGroups
# ------------------------------------------------------------

DROP TABLE IF EXISTS `SiteConfig_CreateTopLevelGroups`;

CREATE TABLE `SiteConfig_CreateTopLevelGroups` (
  `ID` int(11) NOT NULL AUTO_INCREMENT,
  `SiteConfigID` int(11) NOT NULL DEFAULT '0',
  `GroupID` int(11) NOT NULL DEFAULT '0',
  PRIMARY KEY (`ID`),
  KEY `SiteConfigID` (`SiteConfigID`),
  KEY `GroupID` (`GroupID`)
) ENGINE=InnoDB DEFAULT CHARSET=utf8;



# Dump of table SiteConfig_EditorGroups
# ------------------------------------------------------------

DROP TABLE IF EXISTS `SiteConfig_EditorGroups`;

CREATE TABLE `SiteConfig_EditorGroups` (
  `ID` int(11) NOT NULL AUTO_INCREMENT,
  `SiteConfigID` int(11) NOT NULL DEFAULT '0',
  `GroupID` int(11) NOT NULL DEFAULT '0',
  PRIMARY KEY (`ID`),
  KEY `SiteConfigID` (`SiteConfigID`),
  KEY `GroupID` (`GroupID`)
) ENGINE=InnoDB DEFAULT CHARSET=utf8;



# Dump of table SiteConfig_ViewerGroups
# ------------------------------------------------------------

DROP TABLE IF EXISTS `SiteConfig_ViewerGroups`;

CREATE TABLE `SiteConfig_ViewerGroups` (
  `ID` int(11) NOT NULL AUTO_INCREMENT,
  `SiteConfigID` int(11) NOT NULL DEFAULT '0',
  `GroupID` int(11) NOT NULL DEFAULT '0',
  PRIMARY KEY (`ID`),
  KEY `SiteConfigID` (`SiteConfigID`),
  KEY `GroupID` (`GroupID`)
) ENGINE=InnoDB DEFAULT CHARSET=utf8;



# Dump of table SiteTree
# ------------------------------------------------------------

DROP TABLE IF EXISTS `SiteTree`;

CREATE TABLE `SiteTree` (
  `ID` int(11) NOT NULL AUTO_INCREMENT,
  `ClassName` enum('SilverStripe\\CMS\\Model\\SiteTree','Page','SilverStripe\\ErrorPage\\ErrorPage','SilverStripe\\CMS\\Model\\RedirectorPage','SilverStripe\\CMS\\Model\\VirtualPage','HomePage') DEFAULT 'Page',
  `LastEdited` datetime DEFAULT NULL,
  `Created` datetime DEFAULT NULL,
  `CanViewType` enum('Anyone','LoggedInUsers','OnlyTheseUsers','Inherit') DEFAULT 'Inherit',
  `CanEditType` enum('LoggedInUsers','OnlyTheseUsers','Inherit') DEFAULT 'Inherit',
  `Version` int(11) NOT NULL DEFAULT '0',
  `URLSegment` varchar(255) DEFAULT NULL,
  `Title` varchar(255) DEFAULT NULL,
  `MenuTitle` varchar(100) DEFAULT NULL,
  `Content` mediumtext,
  `MetaDescription` mediumtext,
  `ExtraMeta` mediumtext,
  `ShowInMenus` tinyint(1) unsigned NOT NULL DEFAULT '0',
  `ShowInSearch` tinyint(1) unsigned NOT NULL DEFAULT '0',
  `Sort` int(11) NOT NULL DEFAULT '0',
  `HasBrokenFile` tinyint(1) unsigned NOT NULL DEFAULT '0',
  `HasBrokenLink` tinyint(1) unsigned NOT NULL DEFAULT '0',
  `ReportClass` varchar(255) DEFAULT NULL,
  `ParentID` int(11) NOT NULL DEFAULT '0',
  PRIMARY KEY (`ID`),
  KEY `Sort` (`Sort`),
  KEY `ClassName` (`ClassName`),
  KEY `ParentID` (`ParentID`),
  KEY `URLSegment` (`URLSegment`)
) ENGINE=InnoDB DEFAULT CHARSET=utf8;

LOCK TABLES `SiteTree` WRITE;
/*!40000 ALTER TABLE `SiteTree` DISABLE KEYS */;

INSERT INTO `SiteTree` (`ID`, `ClassName`, `LastEdited`, `Created`, `CanViewType`, `CanEditType`, `Version`, `URLSegment`, `Title`, `MenuTitle`, `Content`, `MetaDescription`, `ExtraMeta`, `ShowInMenus`, `ShowInSearch`, `Sort`, `HasBrokenFile`, `HasBrokenLink`, `ReportClass`, `ParentID`)
VALUES
	(1,'Page','2021-09-29 19:40:06','2020-09-14 13:48:27','Inherit','Inherit',34,'home','Pets are life','Home','<h3 class=\"nott font-secondary font-weight-normal font-size-36\">What we Do</h3><p><span>Lorem ipsum dolor sit amet, consectetur adipisicing elit. Eius eum inventore consectetur dolorum, voluptatum possimus temporibus vel ab, nesciunt quod!</span></p>',NULL,NULL,1,1,1,0,0,NULL,0),
	(2,'Page','2020-09-18 11:18:31','2020-09-14 13:48:27','Inherit','Inherit',4,'about-us','About Us',NULL,'<p>Duis vel nibh at velit scelerisque suscipit. Etiam iaculis nunc ac metus. Donec mollis hendrerit risus. Etiam rhoncus. Etiam ultricies nisi vel augue.</p><p>Quisque id mi. Aenean imperdiet. Nullam nulla eros, ultricies sit amet, nonummy id, imperdiet feugiat, pede. Cras id dui. Suspendisse eu ligula.</p><p>Quisque id odio.. Sed magna purus, fermentum eu, tincidunt eu, varius ut, felis. Nullam nulla eros, ultricies sit amet, nonummy id, imperdiet feugiat, pede. Nulla neque dolor, sagittis eget, iaculis quis, molestie non, velit.</p><p>Ut a nisl id ante tempus hendrerit. Phasellus ullamcorper ipsum rutrum nunc. Donec vitae orci sed dolor rutrum auctor. Pellentesque commodo eros a enim. Fusce fermentum odio nec arcu.</p><p>Vestibulum suscipit nulla quis orci. Quisque libero metus, condimentum nec, tempor a, commodo mollis, magna. In enim justo, rhoncus ut, imperdiet a, venenatis vitae, justo. Phasellus tempus. Quisque rutrum.</p>',NULL,NULL,1,1,2,0,0,NULL,0),
	(3,'Page','2020-09-22 23:31:57','2020-09-14 13:48:27','Inherit','Inherit',6,'faqs','FAQs',NULL,'<h3>Sed magna purus fermentum eu?</h3><p>Cum sociis natoque penatibus et magnis dis parturient montes, nascetur ridiculus mus. Nunc sed turpis. Maecenas tempus, tellus eget condimentum rhoncus, sem quam semper libero, sit amet adipiscing sem neque sed ipsum. Donec mollis hendrerit risus. Donec sodales sagittis magna.</p><p>Nulla porta dolor. Vivamus in erat ut urna cursus vestibulum. Sed cursus turpis vitae tortor. Aenean tellus metus, bibendum sed, posuere ac, mattis non, nunc. Cras ultricies mi eu turpis hendrerit fringilla.</p><p>In ut quam vitae odio lacinia tincidunt. Praesent turpis. Praesent ut ligula non mi varius sagittis. Vivamus elementum semper nisi. Suspendisse non nisl sit amet velit hendrerit rutrum.</p><p>&nbsp;</p><h3>Aenean commodo ligula eget?</h3><p>Donec venenatis vulputate lorem. Vivamus in erat ut urna cursus vestibulum. Fusce pharetra convallis urna. Suspendisse nisl elit, rhoncus eget, elementum ac, condimentum eget, diam. Sed augue ipsum, egestas nec, vestibulum et, malesuada adipiscing, dui.</p><p>Sed fringilla mauris sit amet nibh. Aenean ut eros et nisl sagittis vestibulum. Maecenas ullamcorper, dui et placerat feugiat, eros pede varius nisi, condimentum viverra felis nunc et lorem. Nullam cursus lacinia erat. Nullam nulla eros, ultricies sit amet, nonummy id, imperdiet feugiat, pede.</p><p>&nbsp;</p><h3>Sed magna purus fermentum eu?</h3><p>Cum sociis natoque penatibus et magnis dis parturient montes, nascetur ridiculus mus. Nunc sed turpis. Maecenas tempus, tellus eget condimentum rhoncus, sem quam semper libero, sit amet adipiscing sem neque sed ipsum. Donec mollis hendrerit risus. Donec sodales sagittis magna.</p><p>Nulla porta dolor. Vivamus in erat ut urna cursus vestibulum. Sed cursus turpis vitae tortor. Aenean tellus metus, bibendum sed, posuere ac, mattis non, nunc. Cras ultricies mi eu turpis hendrerit fringilla.</p><p>In ut quam vitae odio lacinia tincidunt. Praesent turpis. Praesent ut ligula non mi varius sagittis. Vivamus elementum semper nisi. Suspendisse non nisl sit amet velit hendrerit rutrum.</p><p>&nbsp;</p><h3>Aenean commodo ligula eget?</h3><p>Donec venenatis vulputate lorem. Vivamus in erat ut urna cursus vestibulum. Fusce pharetra convallis urna. Suspendisse nisl elit, rhoncus eget, elementum ac, condimentum eget, diam. Sed augue ipsum, egestas nec, vestibulum et, malesuada adipiscing, dui.</p><p>Sed fringilla mauris sit amet nibh. Aenean ut eros et nisl sagittis vestibulum. Maecenas ullamcorper, dui et placerat feugiat, eros pede varius nisi, condimentum viverra felis nunc et lorem. Nullam cursus lacinia erat. Nullam nulla eros, ultricies sit amet, nonummy id, imperdiet feugiat, pede.</p><p>&nbsp;</p><h3>Sed magna purus fermentum eu?</h3><p>Cum sociis natoque penatibus et magnis dis parturient montes, nascetur ridiculus mus. Nunc sed turpis. Maecenas tempus, tellus eget condimentum rhoncus, sem quam semper libero, sit amet adipiscing sem neque sed ipsum. Donec mollis hendrerit risus. Donec sodales sagittis magna.</p><p>Nulla porta dolor. Vivamus in erat ut urna cursus vestibulum. Sed cursus turpis vitae tortor. Aenean tellus metus, bibendum sed, posuere ac, mattis non, nunc. Cras ultricies mi eu turpis hendrerit fringilla.</p><p>In ut quam vitae odio lacinia tincidunt. Praesent turpis. Praesent ut ligula non mi varius sagittis. Vivamus elementum semper nisi. Suspendisse non nisl sit amet velit hendrerit rutrum.</p><p>&nbsp;</p><h3>Aenean commodo ligula eget?</h3><p>Donec venenatis vulputate lorem. Vivamus in erat ut urna cursus vestibulum. Fusce pharetra convallis urna. Suspendisse nisl elit, rhoncus eget, elementum ac, condimentum eget, diam. Sed augue ipsum, egestas nec, vestibulum et, malesuada adipiscing, dui.</p><p>Sed fringilla mauris sit amet nibh. Aenean ut eros et nisl sagittis vestibulum. Maecenas ullamcorper, dui et placerat feugiat, eros pede varius nisi, condimentum viverra felis nunc et lorem. Nullam cursus lacinia erat. Nullam nulla eros, ultricies sit amet, nonummy id, imperdiet feugiat, pede.</p><p>Thanks!</p>',NULL,NULL,1,1,4,0,0,NULL,0),
	(4,'SilverStripe\\ErrorPage\\ErrorPage','2020-09-14 13:48:28','2020-09-14 13:48:28','Inherit','Inherit',2,'page-not-found','Page not found',NULL,'<p>Sorry, it seems you were trying to access a page that doesn\'t exist.</p><p>Please check the spelling of the URL you were trying to access and try again.</p>',NULL,NULL,0,0,5,0,0,NULL,0),
	(5,'SilverStripe\\ErrorPage\\ErrorPage','2020-09-14 13:48:31','2020-09-14 13:48:31','Inherit','Inherit',2,'server-error','Server error',NULL,'<p>Sorry, there was a problem with handling your request.</p>',NULL,NULL,0,0,6,0,0,NULL,0),
	(7,'Page','2020-09-22 23:32:24','2020-09-17 17:20:17','Inherit','Inherit',7,'services','Services',NULL,'<p>Our services</p><h3>Sed magna purus fermentum eu?</h3><p>Cum sociis natoque penatibus et magnis dis parturient montes, nascetur ridiculus mus. Nunc sed turpis. Maecenas tempus, tellus eget condimentum rhoncus, sem quam semper libero, sit amet adipiscing sem neque sed ipsum. Donec mollis hendrerit risus. Donec sodales sagittis magna.</p><p>Nulla porta dolor. Vivamus in erat ut urna cursus vestibulum. Sed cursus turpis vitae tortor. Aenean tellus metus, bibendum sed, posuere ac, mattis non, nunc. Cras ultricies mi eu turpis hendrerit fringilla.</p><p>In ut quam vitae odio lacinia tincidunt. Praesent turpis. Praesent ut ligula non mi varius sagittis. Vivamus elementum semper nisi. Suspendisse non nisl sit amet velit hendrerit rutrum.</p>',NULL,NULL,1,1,3,0,0,NULL,0),
	(8,'Page','2021-09-29 19:40:48','2020-09-17 17:21:06','Inherit','Inherit',10,'adopt-a-dog','Adopt a dog','Adopt','<h2>Adopt now!</h2><p>Proin sapien ipsum, porta a, auctor quis, euismod ut, mi. Nullam quis ante. Ut a nisl id ante tempus hendrerit. In ac felis quis tortor malesuada pretium. Quisque id mi.</p><p>Proin magna. Etiam imperdiet imperdiet orci. Nullam cursus lacinia erat. Nullam sagittis. Morbi nec metus.</p><p>Etiam imperdiet imperdiet orci. Proin faucibus arcu quis ante. Class aptent taciti sociosqu ad litora torquent per conubia nostra, per inceptos hymenaeos. Vestibulum suscipit nulla quis orci. Maecenas egestas arcu quis ligula mattis placerat.</p><p>Suspendisse potenti. Pellentesque posuere. Vestibulum eu odio. Praesent venenatis metus at tortor pulvinar varius. Aenean imperdiet.</p><p>Praesent porttitor, nulla vitae posuere iaculis, arcu nisl dignissim dolor, a pretium mi sem ut ipsum. Praesent porttitor, nulla vitae posuere iaculis, arcu nisl dignissim dolor, a pretium mi sem ut ipsum. Fusce vulputate eleifend sapien. Phasellus accumsan cursus velit. Ut a nisl id ante tempus hendrerit.</p>',NULL,NULL,1,1,1,0,0,NULL,7),
	(9,'Page','2020-09-22 20:38:26','2020-09-17 17:21:46','Inherit','Inherit',5,'pet-nutritionists','Pet Nutritionists',NULL,'<p>Proin sapien ipsum, porta a, auctor quis, euismod ut, mi. Nullam quis ante. Ut a nisl id ante tempus hendrerit. In ac felis quis tortor malesuada pretium. Quisque id mi.</p><p>Proin magna. Etiam imperdiet imperdiet orci. Nullam cursus lacinia erat. Nullam sagittis. Morbi nec metus.</p><p>Etiam imperdiet imperdiet orci. Proin faucibus arcu quis ante. Class aptent taciti sociosqu ad litora torquent per conubia nostra, per inceptos hymenaeos. Vestibulum suscipit nulla quis orci. Maecenas egestas arcu quis ligula mattis placerat.</p><p>Suspendisse potenti. Pellentesque posuere. Vestibulum eu odio. Praesent venenatis metus at tortor pulvinar varius. Aenean imperdiet.</p><p>Praesent porttitor, nulla vitae posuere iaculis, arcu nisl dignissim dolor, a pretium mi sem ut ipsum. Praesent porttitor, nulla vitae posuere iaculis, arcu nisl dignissim dolor, a pretium mi sem ut ipsum. Fusce vulputate eleifend sapien. Phasellus accumsan cursus velit. Ut a nisl id ante tempus hendrerit.</p><p>Proin sapien ipsum, porta a, auctor quis, euismod ut, mi. Nullam quis ante. Ut a nisl id ante tempus hendrerit. In ac felis quis tortor malesuada pretium. Quisque id mi.</p><p>Proin magna. Etiam imperdiet imperdiet orci. Nullam cursus lacinia erat. Nullam sagittis. Morbi nec metus.</p><p>Etiam imperdiet imperdiet orci. Proin faucibus arcu quis ante. Class aptent taciti sociosqu ad litora torquent per conubia nostra, per inceptos hymenaeos. Vestibulum suscipit nulla quis orci. Maecenas egestas arcu quis ligula mattis placerat.</p><p>Suspendisse potenti. Pellentesque posuere. Vestibulum eu odio. Praesent venenatis metus at tortor pulvinar varius. Aenean imperdiet.</p><p>Praesent porttitor, nulla vitae posuere iaculis, arcu nisl dignissim dolor, a pretium mi sem ut ipsum. Praesent porttitor, nulla vitae posuere iaculis, arcu nisl dignissim dolor, a pretium mi sem ut ipsum. Fusce vulputate eleifend sapien. Phasellus accumsan cursus velit. Ut a nisl id ante tempus hendrerit.</p>',NULL,NULL,1,1,2,0,0,NULL,7),
	(10,'Page','2020-09-22 20:39:03','2020-09-17 17:22:17','Inherit','Inherit',7,'find-a-pet-sitter','Find a pet sitter',NULL,'<p>Proin sapien ipsum, porta a, auctor quis, euismod ut, mi. Nullam quis ante. Ut a nisl id ante tempus hendrerit. In ac felis quis tortor malesuada pretium. Quisque id mi.</p><p>Proin magna. Etiam imperdiet imperdiet orci. Nullam cursus lacinia erat. Nullam sagittis. Morbi nec metus.</p><p>Etiam imperdiet imperdiet orci. Proin faucibus arcu quis ante. Class aptent taciti sociosqu ad litora torquent per conubia nostra, per inceptos hymenaeos. Vestibulum suscipit nulla quis orci. Maecenas egestas arcu quis ligula mattis placerat.</p><p>Suspendisse potenti. Pellentesque posuere. Vestibulum eu odio. Praesent venenatis metus at tortor pulvinar varius. Aenean imperdiet.</p>',NULL,NULL,1,1,3,0,0,NULL,7),
	(11,'Page','2020-09-22 20:39:35','2020-09-17 17:22:44','Inherit','Inherit',5,'health-and-wellbeing','Health & Wellbeing',NULL,'<p>Proin sapien ipsum, porta a, auctor quis, euismod ut, mi. Nullam quis ante. Ut a nisl id ante tempus hendrerit. In ac felis quis tortor malesuada pretium. Quisque id mi.</p><p>Proin magna. Etiam imperdiet imperdiet orci. Nullam cursus lacinia erat. Nullam sagittis. Morbi nec metus.</p><p>Etiam imperdiet imperdiet orci. Proin faucibus arcu quis ante. Class aptent taciti sociosqu ad litora torquent per conubia nostra, per inceptos hymenaeos. Vestibulum suscipit nulla quis orci. Maecenas egestas arcu quis ligula mattis placerat.</p><p>Suspendisse potenti. Pellentesque posuere. Vestibulum eu odio. Praesent venenatis metus at tortor pulvinar varius. Aenean imperdiet.</p><p>Praesent porttitor, nulla vitae posuere iaculis, arcu nisl dignissim dolor, a pretium mi sem ut ipsum. Praesent porttitor, nulla vitae posuere iaculis, arcu nisl dignissim dolor, a pretium mi sem ut ipsum. Fusce vulputate eleifend sapien. Phasellus accumsan cursus velit. Ut a nisl id ante tempus hendrerit.</p>',NULL,NULL,1,1,4,0,0,NULL,7),
	(12,'Page','2020-09-17 17:24:12','2020-09-17 17:23:25','Inherit','Inherit',3,'report-a-stray-dog','Report a stray dog',NULL,'<p>Proin sapien ipsum, porta a, auctor quis, euismod ut, mi. Nullam quis ante. Ut a nisl id ante tempus hendrerit. In ac felis quis tortor malesuada pretium. Quisque id mi.</p><p>Proin magna. Etiam imperdiet imperdiet orci. Nullam cursus lacinia erat. Nullam sagittis. Morbi nec metus.</p><p>Etiam imperdiet imperdiet orci. Proin faucibus arcu quis ante. Class aptent taciti sociosqu ad litora torquent per conubia nostra, per inceptos hymenaeos. Vestibulum suscipit nulla quis orci. Maecenas egestas arcu quis ligula mattis placerat.</p><p>&nbsp;</p>',NULL,NULL,1,1,5,0,0,NULL,7),
	(13,'Page','2020-09-17 17:24:47','2020-09-17 17:24:20','Inherit','Inherit',3,'report-harassment','Report Harassment',NULL,'<p>Proin sapien ipsum, porta a, auctor quis, euismod ut, mi. Nullam quis ante. Ut a nisl id ante tempus hendrerit. In ac felis quis tortor malesuada pretium. Quisque id mi.</p><p>Proin magna. Etiam imperdiet imperdiet orci. Nullam cursus lacinia erat. Nullam sagittis. Morbi nec metus.</p><p>Etiam imperdiet imperdiet orci. Proin faucibus arcu quis ante. Class aptent taciti sociosqu ad litora torquent per conubia nostra, per inceptos hymenaeos. Vestibulum suscipit nulla quis orci. Maecenas egestas arcu quis ligula mattis placerat.</p><p>Suspendisse potenti. Pellentesque posuere. Vestibulum eu odio. Praesent venenatis metus at tortor pulvinar varius. Aenean imperdiet.</p><p>Praesent porttitor, nulla vitae posuere iaculis, arcu nisl dignissim dolor, a pretium mi sem ut ipsum. Praesent porttitor, nulla vitae posuere iaculis, arcu nisl dignissim dolor, a pretium mi sem ut ipsum. Fusce vulputate eleifend sapien. Phasellus accumsan cursus velit. Ut a nisl id ante tempus hendrerit.</p>',NULL,NULL,1,1,6,0,0,NULL,7),
	(15,'Page','2020-09-21 13:14:39','2020-09-21 13:14:17','Inherit','Inherit',3,'how-to-adopt','How to adopt',NULL,'<p>Etiam ultricies nisi vel augue. In enim justo, rhoncus ut, imperdiet a, venenatis vitae, justo. Suspendisse potenti. Curabitur a felis in nunc fringilla tristique. Duis arcu tortor, suscipit eget, imperdiet nec, imperdiet iaculis, ipsum.</p><p>Nulla facilisi. Nunc sed turpis. Fusce commodo aliquam arcu. Sed augue ipsum, egestas nec, vestibulum et, malesuada adipiscing, dui. Vestibulum eu odio.</p><p>In ut quam vitae odio lacinia tincidunt. Maecenas egestas arcu quis ligula mattis placerat. In ut quam vitae odio lacinia tincidunt. In auctor lobortis lacus. Vestibulum ullamcorper mauris at ligula.</p>',NULL,NULL,1,1,1,0,0,NULL,3),
	(16,'Page','2020-09-21 13:15:04','2020-09-21 13:14:44','Inherit','Inherit',3,'find-shelters','Find shelters',NULL,'<p>Etiam ultricies nisi vel augue. In enim justo, rhoncus ut, imperdiet a, venenatis vitae, justo. Suspendisse potenti. Curabitur a felis in nunc fringilla tristique. Duis arcu tortor, suscipit eget, imperdiet nec, imperdiet iaculis, ipsum.</p><p>Nulla facilisi. Nunc sed turpis. Fusce commodo aliquam arcu. Sed augue ipsum, egestas nec, vestibulum et, malesuada adipiscing, dui. Vestibulum eu odio.</p><p>In ut quam vitae odio lacinia tincidunt. Maecenas egestas arcu quis ligula mattis placerat. In ut quam vitae odio lacinia tincidunt. In auctor lobortis lacus. Vestibulum ullamcorper mauris at ligula.</p><p>Etiam ultricies nisi vel augue. In enim justo, rhoncus ut, imperdiet a, venenatis vitae, justo. Suspendisse potenti. Curabitur a felis in nunc fringilla tristique. Duis arcu tortor, suscipit eget, imperdiet nec, imperdiet iaculis, ipsum.</p><p>Nulla facilisi. Nunc sed turpis. Fusce commodo aliquam arcu. Sed augue ipsum, egestas nec, vestibulum et, malesuada adipiscing, dui. Vestibulum eu odio.</p><p>In ut quam vitae odio lacinia tincidunt. Maecenas egestas arcu quis ligula mattis placerat. In ut quam vitae odio lacinia tincidunt. In auctor lobortis lacus. Vestibulum ullamcorper mauris at ligula.</p>',NULL,NULL,1,1,2,0,0,NULL,3),
	(17,'Page','2020-09-21 13:15:25','2020-09-21 13:15:12','Inherit','Inherit',3,'pets-and-breeds','Pets & breeds',NULL,'<p>Etiam ultricies nisi vel augue. In enim justo, rhoncus ut, imperdiet a, venenatis vitae, justo. Suspendisse potenti. Curabitur a felis in nunc fringilla tristique. Duis arcu tortor, suscipit eget, imperdiet nec, imperdiet iaculis, ipsum.</p><p>Nulla facilisi. Nunc sed turpis. Fusce commodo aliquam arcu. Sed augue ipsum, egestas nec, vestibulum et, malesuada adipiscing, dui. Vestibulum eu odio.</p><p>In ut quam vitae odio lacinia tincidunt. Maecenas egestas arcu quis ligula mattis placerat. In ut quam vitae odio lacinia tincidunt. In auctor lobortis lacus. Vestibulum ullamcorper mauris at ligula.</p>',NULL,NULL,1,1,3,0,0,NULL,3),
	(18,'Page','2020-09-21 13:16:33','2020-09-21 13:15:36','Inherit','Inherit',5,'training-you-pet','Training you pet',NULL,'<p>[image src=\"/assets/0c6ef82cb1/3.jpg\" id=\"3\" width=\"600\" height=\"525\" class=\"leftAlone ss-htmleditorfield-file image\"]</p><p>Sed a libero. Phasellus consectetuer vestibulum elit. Nunc interdum lacus sit amet orci. Sed augue ipsum, egestas nec, vestibulum et, malesuada adipiscing, dui..</p><p>Aliquam eu nunc. Aliquam eu nunc. Phasellus viverra nulla ut metus varius laoreet. Quisque id odio. Cras ultricies mi eu turpis hendrerit fringilla.</p><p>Curabitur suscipit suscipit tellus. Suspendisse feugiat. Donec interdum, metus et hendrerit aliquet, dolor diam sagittis ligula, eget egestas libero turpis vel mi. Morbi ac felis. Praesent adipiscing.</p><p>In auctor lobortis lacus. Vestibulum turpis sem, aliquet eget, lobortis pellentesque, rutrum eu, nisl. Fusce commodo aliquam arcu. Proin magna. Nam eget dui.</p>',NULL,NULL,1,1,4,0,0,NULL,3),
	(19,'Page','2020-09-21 13:16:55','2020-09-21 13:16:42','Inherit','Inherit',3,'your-first-pet','Your first pet?',NULL,'<p>Sed a libero. Phasellus consectetuer vestibulum elit. Nunc interdum lacus sit amet orci. Sed augue ipsum, egestas nec, vestibulum et, malesuada adipiscing, dui..</p><p>Aliquam eu nunc. Aliquam eu nunc. Phasellus viverra nulla ut metus varius laoreet. Quisque id odio. Cras ultricies mi eu turpis hendrerit fringilla.</p><p>Curabitur suscipit suscipit tellus. Suspendisse feugiat. Donec interdum, metus et hendrerit aliquet, dolor diam sagittis ligula, eget egestas libero turpis vel mi. Morbi ac felis. Praesent adipiscing.</p><p>In auctor lobortis lacus. Vestibulum turpis sem, aliquet eget, lobortis pellentesque, rutrum eu, nisl. Fusce commodo aliquam arcu. Proin magna. Nam eget dui.</p><p>Sed a libero. Phasellus consectetuer vestibulum elit. Nunc interdum lacus sit amet orci. Sed augue ipsum, egestas nec, vestibulum et, malesuada adipiscing, dui..</p><p>Aliquam eu nunc. Aliquam eu nunc. Phasellus viverra nulla ut metus varius laoreet. Quisque id odio. Cras ultricies mi eu turpis hendrerit fringilla.</p><p>Curabitur suscipit suscipit tellus. Suspendisse feugiat. Donec interdum, metus et hendrerit aliquet, dolor diam sagittis ligula, eget egestas libero turpis vel mi. Morbi ac felis. Praesent adipiscing.</p><p>In auctor lobortis lacus. Vestibulum turpis sem, aliquet eget, lobortis pellentesque, rutrum eu, nisl. Fusce commodo aliquam arcu. Proin magna. Nam eget dui.</p>',NULL,NULL,1,1,5,0,0,NULL,3),
	(20,'Page','2020-09-21 13:17:53','2020-09-21 13:17:37','Inherit','Inherit',3,'health-benefits','Health benefits',NULL,'<p>Sed a libero. Phasellus consectetuer vestibulum elit. Nunc interdum lacus sit amet orci. Sed augue ipsum, egestas nec, vestibulum et, malesuada adipiscing, dui..</p><p>Aliquam eu nunc. Aliquam eu nunc. Phasellus viverra nulla ut metus varius laoreet. Quisque id odio. Cras ultricies mi eu turpis hendrerit fringilla.</p><p>Curabitur suscipit suscipit tellus. Suspendisse feugiat. Donec interdum, metus et hendrerit aliquet, dolor diam sagittis ligula, eget egestas libero turpis vel mi. Morbi ac felis. Praesent adipiscing.</p><p>In auctor lobortis lacus. Vestibulum turpis sem, aliquet eget, lobortis pellentesque, rutrum eu, nisl. Fusce commodo aliquam arcu. Proin magna. Nam eget dui.</p>',NULL,NULL,1,1,6,0,0,NULL,3),
	(21,'SilverStripe\\CMS\\Model\\RedirectorPage','2020-09-23 15:47:27','2020-09-23 15:46:28','Inherit','Inherit',3,'adopt','Adopt',NULL,NULL,NULL,NULL,1,1,7,0,0,NULL,0);

/*!40000 ALTER TABLE `SiteTree` ENABLE KEYS */;
UNLOCK TABLES;


# Dump of table SiteTree_EditorGroups
# ------------------------------------------------------------

DROP TABLE IF EXISTS `SiteTree_EditorGroups`;

CREATE TABLE `SiteTree_EditorGroups` (
  `ID` int(11) NOT NULL AUTO_INCREMENT,
  `SiteTreeID` int(11) NOT NULL DEFAULT '0',
  `GroupID` int(11) NOT NULL DEFAULT '0',
  PRIMARY KEY (`ID`),
  KEY `SiteTreeID` (`SiteTreeID`),
  KEY `GroupID` (`GroupID`)
) ENGINE=InnoDB DEFAULT CHARSET=utf8;



# Dump of table SiteTree_Live
# ------------------------------------------------------------

DROP TABLE IF EXISTS `SiteTree_Live`;

CREATE TABLE `SiteTree_Live` (
  `ID` int(11) NOT NULL AUTO_INCREMENT,
  `ClassName` enum('SilverStripe\\CMS\\Model\\SiteTree','Page','SilverStripe\\ErrorPage\\ErrorPage','SilverStripe\\CMS\\Model\\RedirectorPage','SilverStripe\\CMS\\Model\\VirtualPage','HomePage') DEFAULT 'Page',
  `LastEdited` datetime DEFAULT NULL,
  `Created` datetime DEFAULT NULL,
  `CanViewType` enum('Anyone','LoggedInUsers','OnlyTheseUsers','Inherit') DEFAULT 'Inherit',
  `CanEditType` enum('LoggedInUsers','OnlyTheseUsers','Inherit') DEFAULT 'Inherit',
  `Version` int(11) NOT NULL DEFAULT '0',
  `URLSegment` varchar(255) DEFAULT NULL,
  `Title` varchar(255) DEFAULT NULL,
  `MenuTitle` varchar(100) DEFAULT NULL,
  `Content` mediumtext,
  `MetaDescription` mediumtext,
  `ExtraMeta` mediumtext,
  `ShowInMenus` tinyint(1) unsigned NOT NULL DEFAULT '0',
  `ShowInSearch` tinyint(1) unsigned NOT NULL DEFAULT '0',
  `Sort` int(11) NOT NULL DEFAULT '0',
  `HasBrokenFile` tinyint(1) unsigned NOT NULL DEFAULT '0',
  `HasBrokenLink` tinyint(1) unsigned NOT NULL DEFAULT '0',
  `ReportClass` varchar(255) DEFAULT NULL,
  `ParentID` int(11) NOT NULL DEFAULT '0',
  PRIMARY KEY (`ID`),
  KEY `Sort` (`Sort`),
  KEY `ClassName` (`ClassName`),
  KEY `ParentID` (`ParentID`),
  KEY `URLSegment` (`URLSegment`)
) ENGINE=InnoDB DEFAULT CHARSET=utf8;

LOCK TABLES `SiteTree_Live` WRITE;
/*!40000 ALTER TABLE `SiteTree_Live` DISABLE KEYS */;

INSERT INTO `SiteTree_Live` (`ID`, `ClassName`, `LastEdited`, `Created`, `CanViewType`, `CanEditType`, `Version`, `URLSegment`, `Title`, `MenuTitle`, `Content`, `MetaDescription`, `ExtraMeta`, `ShowInMenus`, `ShowInSearch`, `Sort`, `HasBrokenFile`, `HasBrokenLink`, `ReportClass`, `ParentID`)
VALUES
	(1,'Page','2021-09-29 19:40:06','2020-09-14 13:48:27','Inherit','Inherit',34,'home','Pets are life','Home','<h3 class=\"nott font-secondary font-weight-normal font-size-36\">What we Do</h3><p><span>Lorem ipsum dolor sit amet, consectetur adipisicing elit. Eius eum inventore consectetur dolorum, voluptatum possimus temporibus vel ab, nesciunt quod!</span></p>',NULL,NULL,1,1,1,0,0,NULL,0),
	(2,'Page','2020-09-18 11:18:31','2020-09-14 13:48:27','Inherit','Inherit',4,'about-us','About Us',NULL,'<p>Duis vel nibh at velit scelerisque suscipit. Etiam iaculis nunc ac metus. Donec mollis hendrerit risus. Etiam rhoncus. Etiam ultricies nisi vel augue.</p><p>Quisque id mi. Aenean imperdiet. Nullam nulla eros, ultricies sit amet, nonummy id, imperdiet feugiat, pede. Cras id dui. Suspendisse eu ligula.</p><p>Quisque id odio.. Sed magna purus, fermentum eu, tincidunt eu, varius ut, felis. Nullam nulla eros, ultricies sit amet, nonummy id, imperdiet feugiat, pede. Nulla neque dolor, sagittis eget, iaculis quis, molestie non, velit.</p><p>Ut a nisl id ante tempus hendrerit. Phasellus ullamcorper ipsum rutrum nunc. Donec vitae orci sed dolor rutrum auctor. Pellentesque commodo eros a enim. Fusce fermentum odio nec arcu.</p><p>Vestibulum suscipit nulla quis orci. Quisque libero metus, condimentum nec, tempor a, commodo mollis, magna. In enim justo, rhoncus ut, imperdiet a, venenatis vitae, justo. Phasellus tempus. Quisque rutrum.</p>',NULL,NULL,1,1,2,0,0,NULL,0),
	(3,'Page','2020-09-22 23:31:57','2020-09-14 13:48:27','Inherit','Inherit',6,'faqs','FAQs',NULL,'<h3>Sed magna purus fermentum eu?</h3><p>Cum sociis natoque penatibus et magnis dis parturient montes, nascetur ridiculus mus. Nunc sed turpis. Maecenas tempus, tellus eget condimentum rhoncus, sem quam semper libero, sit amet adipiscing sem neque sed ipsum. Donec mollis hendrerit risus. Donec sodales sagittis magna.</p><p>Nulla porta dolor. Vivamus in erat ut urna cursus vestibulum. Sed cursus turpis vitae tortor. Aenean tellus metus, bibendum sed, posuere ac, mattis non, nunc. Cras ultricies mi eu turpis hendrerit fringilla.</p><p>In ut quam vitae odio lacinia tincidunt. Praesent turpis. Praesent ut ligula non mi varius sagittis. Vivamus elementum semper nisi. Suspendisse non nisl sit amet velit hendrerit rutrum.</p><p>&nbsp;</p><h3>Aenean commodo ligula eget?</h3><p>Donec venenatis vulputate lorem. Vivamus in erat ut urna cursus vestibulum. Fusce pharetra convallis urna. Suspendisse nisl elit, rhoncus eget, elementum ac, condimentum eget, diam. Sed augue ipsum, egestas nec, vestibulum et, malesuada adipiscing, dui.</p><p>Sed fringilla mauris sit amet nibh. Aenean ut eros et nisl sagittis vestibulum. Maecenas ullamcorper, dui et placerat feugiat, eros pede varius nisi, condimentum viverra felis nunc et lorem. Nullam cursus lacinia erat. Nullam nulla eros, ultricies sit amet, nonummy id, imperdiet feugiat, pede.</p><p>&nbsp;</p><h3>Sed magna purus fermentum eu?</h3><p>Cum sociis natoque penatibus et magnis dis parturient montes, nascetur ridiculus mus. Nunc sed turpis. Maecenas tempus, tellus eget condimentum rhoncus, sem quam semper libero, sit amet adipiscing sem neque sed ipsum. Donec mollis hendrerit risus. Donec sodales sagittis magna.</p><p>Nulla porta dolor. Vivamus in erat ut urna cursus vestibulum. Sed cursus turpis vitae tortor. Aenean tellus metus, bibendum sed, posuere ac, mattis non, nunc. Cras ultricies mi eu turpis hendrerit fringilla.</p><p>In ut quam vitae odio lacinia tincidunt. Praesent turpis. Praesent ut ligula non mi varius sagittis. Vivamus elementum semper nisi. Suspendisse non nisl sit amet velit hendrerit rutrum.</p><p>&nbsp;</p><h3>Aenean commodo ligula eget?</h3><p>Donec venenatis vulputate lorem. Vivamus in erat ut urna cursus vestibulum. Fusce pharetra convallis urna. Suspendisse nisl elit, rhoncus eget, elementum ac, condimentum eget, diam. Sed augue ipsum, egestas nec, vestibulum et, malesuada adipiscing, dui.</p><p>Sed fringilla mauris sit amet nibh. Aenean ut eros et nisl sagittis vestibulum. Maecenas ullamcorper, dui et placerat feugiat, eros pede varius nisi, condimentum viverra felis nunc et lorem. Nullam cursus lacinia erat. Nullam nulla eros, ultricies sit amet, nonummy id, imperdiet feugiat, pede.</p><p>&nbsp;</p><h3>Sed magna purus fermentum eu?</h3><p>Cum sociis natoque penatibus et magnis dis parturient montes, nascetur ridiculus mus. Nunc sed turpis. Maecenas tempus, tellus eget condimentum rhoncus, sem quam semper libero, sit amet adipiscing sem neque sed ipsum. Donec mollis hendrerit risus. Donec sodales sagittis magna.</p><p>Nulla porta dolor. Vivamus in erat ut urna cursus vestibulum. Sed cursus turpis vitae tortor. Aenean tellus metus, bibendum sed, posuere ac, mattis non, nunc. Cras ultricies mi eu turpis hendrerit fringilla.</p><p>In ut quam vitae odio lacinia tincidunt. Praesent turpis. Praesent ut ligula non mi varius sagittis. Vivamus elementum semper nisi. Suspendisse non nisl sit amet velit hendrerit rutrum.</p><p>&nbsp;</p><h3>Aenean commodo ligula eget?</h3><p>Donec venenatis vulputate lorem. Vivamus in erat ut urna cursus vestibulum. Fusce pharetra convallis urna. Suspendisse nisl elit, rhoncus eget, elementum ac, condimentum eget, diam. Sed augue ipsum, egestas nec, vestibulum et, malesuada adipiscing, dui.</p><p>Sed fringilla mauris sit amet nibh. Aenean ut eros et nisl sagittis vestibulum. Maecenas ullamcorper, dui et placerat feugiat, eros pede varius nisi, condimentum viverra felis nunc et lorem. Nullam cursus lacinia erat. Nullam nulla eros, ultricies sit amet, nonummy id, imperdiet feugiat, pede.</p><p>Thanks!</p>',NULL,NULL,1,1,4,0,0,NULL,0),
	(4,'SilverStripe\\ErrorPage\\ErrorPage','2020-09-14 13:48:28','2020-09-14 13:48:28','Inherit','Inherit',2,'page-not-found','Page not found',NULL,'<p>Sorry, it seems you were trying to access a page that doesn\'t exist.</p><p>Please check the spelling of the URL you were trying to access and try again.</p>',NULL,NULL,0,0,5,0,0,NULL,0),
	(5,'SilverStripe\\ErrorPage\\ErrorPage','2020-09-14 13:48:31','2020-09-14 13:48:31','Inherit','Inherit',2,'server-error','Server error',NULL,'<p>Sorry, there was a problem with handling your request.</p>',NULL,NULL,0,0,6,0,0,NULL,0),
	(7,'Page','2020-09-22 23:32:24','2020-09-17 17:20:17','Inherit','Inherit',7,'services','Services',NULL,'<p>Our services</p><h3>Sed magna purus fermentum eu?</h3><p>Cum sociis natoque penatibus et magnis dis parturient montes, nascetur ridiculus mus. Nunc sed turpis. Maecenas tempus, tellus eget condimentum rhoncus, sem quam semper libero, sit amet adipiscing sem neque sed ipsum. Donec mollis hendrerit risus. Donec sodales sagittis magna.</p><p>Nulla porta dolor. Vivamus in erat ut urna cursus vestibulum. Sed cursus turpis vitae tortor. Aenean tellus metus, bibendum sed, posuere ac, mattis non, nunc. Cras ultricies mi eu turpis hendrerit fringilla.</p><p>In ut quam vitae odio lacinia tincidunt. Praesent turpis. Praesent ut ligula non mi varius sagittis. Vivamus elementum semper nisi. Suspendisse non nisl sit amet velit hendrerit rutrum.</p>',NULL,NULL,1,1,3,0,0,NULL,0),
	(8,'Page','2021-09-29 19:40:48','2020-09-17 17:21:06','Inherit','Inherit',10,'adopt-a-dog','Adopt a dog','Adopt','<h2>Adopt now!</h2><p>Proin sapien ipsum, porta a, auctor quis, euismod ut, mi. Nullam quis ante. Ut a nisl id ante tempus hendrerit. In ac felis quis tortor malesuada pretium. Quisque id mi.</p><p>Proin magna. Etiam imperdiet imperdiet orci. Nullam cursus lacinia erat. Nullam sagittis. Morbi nec metus.</p><p>Etiam imperdiet imperdiet orci. Proin faucibus arcu quis ante. Class aptent taciti sociosqu ad litora torquent per conubia nostra, per inceptos hymenaeos. Vestibulum suscipit nulla quis orci. Maecenas egestas arcu quis ligula mattis placerat.</p><p>Suspendisse potenti. Pellentesque posuere. Vestibulum eu odio. Praesent venenatis metus at tortor pulvinar varius. Aenean imperdiet.</p><p>Praesent porttitor, nulla vitae posuere iaculis, arcu nisl dignissim dolor, a pretium mi sem ut ipsum. Praesent porttitor, nulla vitae posuere iaculis, arcu nisl dignissim dolor, a pretium mi sem ut ipsum. Fusce vulputate eleifend sapien. Phasellus accumsan cursus velit. Ut a nisl id ante tempus hendrerit.</p>',NULL,NULL,1,1,1,0,0,NULL,7),
	(9,'Page','2020-09-22 20:38:26','2020-09-17 17:21:46','Inherit','Inherit',5,'pet-nutritionists','Pet Nutritionists',NULL,'<p>Proin sapien ipsum, porta a, auctor quis, euismod ut, mi. Nullam quis ante. Ut a nisl id ante tempus hendrerit. In ac felis quis tortor malesuada pretium. Quisque id mi.</p><p>Proin magna. Etiam imperdiet imperdiet orci. Nullam cursus lacinia erat. Nullam sagittis. Morbi nec metus.</p><p>Etiam imperdiet imperdiet orci. Proin faucibus arcu quis ante. Class aptent taciti sociosqu ad litora torquent per conubia nostra, per inceptos hymenaeos. Vestibulum suscipit nulla quis orci. Maecenas egestas arcu quis ligula mattis placerat.</p><p>Suspendisse potenti. Pellentesque posuere. Vestibulum eu odio. Praesent venenatis metus at tortor pulvinar varius. Aenean imperdiet.</p><p>Praesent porttitor, nulla vitae posuere iaculis, arcu nisl dignissim dolor, a pretium mi sem ut ipsum. Praesent porttitor, nulla vitae posuere iaculis, arcu nisl dignissim dolor, a pretium mi sem ut ipsum. Fusce vulputate eleifend sapien. Phasellus accumsan cursus velit. Ut a nisl id ante tempus hendrerit.</p><p>Proin sapien ipsum, porta a, auctor quis, euismod ut, mi. Nullam quis ante. Ut a nisl id ante tempus hendrerit. In ac felis quis tortor malesuada pretium. Quisque id mi.</p><p>Proin magna. Etiam imperdiet imperdiet orci. Nullam cursus lacinia erat. Nullam sagittis. Morbi nec metus.</p><p>Etiam imperdiet imperdiet orci. Proin faucibus arcu quis ante. Class aptent taciti sociosqu ad litora torquent per conubia nostra, per inceptos hymenaeos. Vestibulum suscipit nulla quis orci. Maecenas egestas arcu quis ligula mattis placerat.</p><p>Suspendisse potenti. Pellentesque posuere. Vestibulum eu odio. Praesent venenatis metus at tortor pulvinar varius. Aenean imperdiet.</p><p>Praesent porttitor, nulla vitae posuere iaculis, arcu nisl dignissim dolor, a pretium mi sem ut ipsum. Praesent porttitor, nulla vitae posuere iaculis, arcu nisl dignissim dolor, a pretium mi sem ut ipsum. Fusce vulputate eleifend sapien. Phasellus accumsan cursus velit. Ut a nisl id ante tempus hendrerit.</p>',NULL,NULL,1,1,2,0,0,NULL,7),
	(10,'Page','2020-09-22 20:39:03','2020-09-17 17:22:17','Inherit','Inherit',7,'find-a-pet-sitter','Find a pet sitter',NULL,'<p>Proin sapien ipsum, porta a, auctor quis, euismod ut, mi. Nullam quis ante. Ut a nisl id ante tempus hendrerit. In ac felis quis tortor malesuada pretium. Quisque id mi.</p><p>Proin magna. Etiam imperdiet imperdiet orci. Nullam cursus lacinia erat. Nullam sagittis. Morbi nec metus.</p><p>Etiam imperdiet imperdiet orci. Proin faucibus arcu quis ante. Class aptent taciti sociosqu ad litora torquent per conubia nostra, per inceptos hymenaeos. Vestibulum suscipit nulla quis orci. Maecenas egestas arcu quis ligula mattis placerat.</p><p>Suspendisse potenti. Pellentesque posuere. Vestibulum eu odio. Praesent venenatis metus at tortor pulvinar varius. Aenean imperdiet.</p>',NULL,NULL,1,1,3,0,0,NULL,7),
	(11,'Page','2020-09-22 20:39:35','2020-09-17 17:22:44','Inherit','Inherit',5,'health-and-wellbeing','Health & Wellbeing',NULL,'<p>Proin sapien ipsum, porta a, auctor quis, euismod ut, mi. Nullam quis ante. Ut a nisl id ante tempus hendrerit. In ac felis quis tortor malesuada pretium. Quisque id mi.</p><p>Proin magna. Etiam imperdiet imperdiet orci. Nullam cursus lacinia erat. Nullam sagittis. Morbi nec metus.</p><p>Etiam imperdiet imperdiet orci. Proin faucibus arcu quis ante. Class aptent taciti sociosqu ad litora torquent per conubia nostra, per inceptos hymenaeos. Vestibulum suscipit nulla quis orci. Maecenas egestas arcu quis ligula mattis placerat.</p><p>Suspendisse potenti. Pellentesque posuere. Vestibulum eu odio. Praesent venenatis metus at tortor pulvinar varius. Aenean imperdiet.</p><p>Praesent porttitor, nulla vitae posuere iaculis, arcu nisl dignissim dolor, a pretium mi sem ut ipsum. Praesent porttitor, nulla vitae posuere iaculis, arcu nisl dignissim dolor, a pretium mi sem ut ipsum. Fusce vulputate eleifend sapien. Phasellus accumsan cursus velit. Ut a nisl id ante tempus hendrerit.</p>',NULL,NULL,1,1,4,0,0,NULL,7),
	(12,'Page','2020-09-17 17:24:12','2020-09-17 17:23:25','Inherit','Inherit',3,'report-a-stray-dog','Report a stray dog',NULL,'<p>Proin sapien ipsum, porta a, auctor quis, euismod ut, mi. Nullam quis ante. Ut a nisl id ante tempus hendrerit. In ac felis quis tortor malesuada pretium. Quisque id mi.</p><p>Proin magna. Etiam imperdiet imperdiet orci. Nullam cursus lacinia erat. Nullam sagittis. Morbi nec metus.</p><p>Etiam imperdiet imperdiet orci. Proin faucibus arcu quis ante. Class aptent taciti sociosqu ad litora torquent per conubia nostra, per inceptos hymenaeos. Vestibulum suscipit nulla quis orci. Maecenas egestas arcu quis ligula mattis placerat.</p><p>&nbsp;</p>',NULL,NULL,1,1,5,0,0,NULL,7),
	(13,'Page','2020-09-17 17:24:47','2020-09-17 17:24:20','Inherit','Inherit',3,'report-harassment','Report Harassment',NULL,'<p>Proin sapien ipsum, porta a, auctor quis, euismod ut, mi. Nullam quis ante. Ut a nisl id ante tempus hendrerit. In ac felis quis tortor malesuada pretium. Quisque id mi.</p><p>Proin magna. Etiam imperdiet imperdiet orci. Nullam cursus lacinia erat. Nullam sagittis. Morbi nec metus.</p><p>Etiam imperdiet imperdiet orci. Proin faucibus arcu quis ante. Class aptent taciti sociosqu ad litora torquent per conubia nostra, per inceptos hymenaeos. Vestibulum suscipit nulla quis orci. Maecenas egestas arcu quis ligula mattis placerat.</p><p>Suspendisse potenti. Pellentesque posuere. Vestibulum eu odio. Praesent venenatis metus at tortor pulvinar varius. Aenean imperdiet.</p><p>Praesent porttitor, nulla vitae posuere iaculis, arcu nisl dignissim dolor, a pretium mi sem ut ipsum. Praesent porttitor, nulla vitae posuere iaculis, arcu nisl dignissim dolor, a pretium mi sem ut ipsum. Fusce vulputate eleifend sapien. Phasellus accumsan cursus velit. Ut a nisl id ante tempus hendrerit.</p>',NULL,NULL,1,1,6,0,0,NULL,7),
	(15,'Page','2020-09-21 13:14:39','2020-09-21 13:14:17','Inherit','Inherit',3,'how-to-adopt','How to adopt',NULL,'<p>Etiam ultricies nisi vel augue. In enim justo, rhoncus ut, imperdiet a, venenatis vitae, justo. Suspendisse potenti. Curabitur a felis in nunc fringilla tristique. Duis arcu tortor, suscipit eget, imperdiet nec, imperdiet iaculis, ipsum.</p><p>Nulla facilisi. Nunc sed turpis. Fusce commodo aliquam arcu. Sed augue ipsum, egestas nec, vestibulum et, malesuada adipiscing, dui. Vestibulum eu odio.</p><p>In ut quam vitae odio lacinia tincidunt. Maecenas egestas arcu quis ligula mattis placerat. In ut quam vitae odio lacinia tincidunt. In auctor lobortis lacus. Vestibulum ullamcorper mauris at ligula.</p>',NULL,NULL,1,1,1,0,0,NULL,3),
	(16,'Page','2020-09-21 13:15:04','2020-09-21 13:14:44','Inherit','Inherit',3,'find-shelters','Find shelters',NULL,'<p>Etiam ultricies nisi vel augue. In enim justo, rhoncus ut, imperdiet a, venenatis vitae, justo. Suspendisse potenti. Curabitur a felis in nunc fringilla tristique. Duis arcu tortor, suscipit eget, imperdiet nec, imperdiet iaculis, ipsum.</p><p>Nulla facilisi. Nunc sed turpis. Fusce commodo aliquam arcu. Sed augue ipsum, egestas nec, vestibulum et, malesuada adipiscing, dui. Vestibulum eu odio.</p><p>In ut quam vitae odio lacinia tincidunt. Maecenas egestas arcu quis ligula mattis placerat. In ut quam vitae odio lacinia tincidunt. In auctor lobortis lacus. Vestibulum ullamcorper mauris at ligula.</p><p>Etiam ultricies nisi vel augue. In enim justo, rhoncus ut, imperdiet a, venenatis vitae, justo. Suspendisse potenti. Curabitur a felis in nunc fringilla tristique. Duis arcu tortor, suscipit eget, imperdiet nec, imperdiet iaculis, ipsum.</p><p>Nulla facilisi. Nunc sed turpis. Fusce commodo aliquam arcu. Sed augue ipsum, egestas nec, vestibulum et, malesuada adipiscing, dui. Vestibulum eu odio.</p><p>In ut quam vitae odio lacinia tincidunt. Maecenas egestas arcu quis ligula mattis placerat. In ut quam vitae odio lacinia tincidunt. In auctor lobortis lacus. Vestibulum ullamcorper mauris at ligula.</p>',NULL,NULL,1,1,2,0,0,NULL,3),
	(17,'Page','2020-09-21 13:15:25','2020-09-21 13:15:12','Inherit','Inherit',3,'pets-and-breeds','Pets & breeds',NULL,'<p>Etiam ultricies nisi vel augue. In enim justo, rhoncus ut, imperdiet a, venenatis vitae, justo. Suspendisse potenti. Curabitur a felis in nunc fringilla tristique. Duis arcu tortor, suscipit eget, imperdiet nec, imperdiet iaculis, ipsum.</p><p>Nulla facilisi. Nunc sed turpis. Fusce commodo aliquam arcu. Sed augue ipsum, egestas nec, vestibulum et, malesuada adipiscing, dui. Vestibulum eu odio.</p><p>In ut quam vitae odio lacinia tincidunt. Maecenas egestas arcu quis ligula mattis placerat. In ut quam vitae odio lacinia tincidunt. In auctor lobortis lacus. Vestibulum ullamcorper mauris at ligula.</p>',NULL,NULL,1,1,3,0,0,NULL,3),
	(18,'Page','2020-09-21 13:16:33','2020-09-21 13:15:36','Inherit','Inherit',5,'training-you-pet','Training you pet',NULL,'<p>[image src=\"/assets/0c6ef82cb1/3.jpg\" id=\"3\" width=\"600\" height=\"525\" class=\"leftAlone ss-htmleditorfield-file image\"]</p><p>Sed a libero. Phasellus consectetuer vestibulum elit. Nunc interdum lacus sit amet orci. Sed augue ipsum, egestas nec, vestibulum et, malesuada adipiscing, dui..</p><p>Aliquam eu nunc. Aliquam eu nunc. Phasellus viverra nulla ut metus varius laoreet. Quisque id odio. Cras ultricies mi eu turpis hendrerit fringilla.</p><p>Curabitur suscipit suscipit tellus. Suspendisse feugiat. Donec interdum, metus et hendrerit aliquet, dolor diam sagittis ligula, eget egestas libero turpis vel mi. Morbi ac felis. Praesent adipiscing.</p><p>In auctor lobortis lacus. Vestibulum turpis sem, aliquet eget, lobortis pellentesque, rutrum eu, nisl. Fusce commodo aliquam arcu. Proin magna. Nam eget dui.</p>',NULL,NULL,1,1,4,0,0,NULL,3),
	(19,'Page','2020-09-21 13:16:55','2020-09-21 13:16:42','Inherit','Inherit',3,'your-first-pet','Your first pet?',NULL,'<p>Sed a libero. Phasellus consectetuer vestibulum elit. Nunc interdum lacus sit amet orci. Sed augue ipsum, egestas nec, vestibulum et, malesuada adipiscing, dui..</p><p>Aliquam eu nunc. Aliquam eu nunc. Phasellus viverra nulla ut metus varius laoreet. Quisque id odio. Cras ultricies mi eu turpis hendrerit fringilla.</p><p>Curabitur suscipit suscipit tellus. Suspendisse feugiat. Donec interdum, metus et hendrerit aliquet, dolor diam sagittis ligula, eget egestas libero turpis vel mi. Morbi ac felis. Praesent adipiscing.</p><p>In auctor lobortis lacus. Vestibulum turpis sem, aliquet eget, lobortis pellentesque, rutrum eu, nisl. Fusce commodo aliquam arcu. Proin magna. Nam eget dui.</p><p>Sed a libero. Phasellus consectetuer vestibulum elit. Nunc interdum lacus sit amet orci. Sed augue ipsum, egestas nec, vestibulum et, malesuada adipiscing, dui..</p><p>Aliquam eu nunc. Aliquam eu nunc. Phasellus viverra nulla ut metus varius laoreet. Quisque id odio. Cras ultricies mi eu turpis hendrerit fringilla.</p><p>Curabitur suscipit suscipit tellus. Suspendisse feugiat. Donec interdum, metus et hendrerit aliquet, dolor diam sagittis ligula, eget egestas libero turpis vel mi. Morbi ac felis. Praesent adipiscing.</p><p>In auctor lobortis lacus. Vestibulum turpis sem, aliquet eget, lobortis pellentesque, rutrum eu, nisl. Fusce commodo aliquam arcu. Proin magna. Nam eget dui.</p>',NULL,NULL,1,1,5,0,0,NULL,3),
	(20,'Page','2020-09-21 13:17:53','2020-09-21 13:17:37','Inherit','Inherit',3,'health-benefits','Health benefits',NULL,'<p>Sed a libero. Phasellus consectetuer vestibulum elit. Nunc interdum lacus sit amet orci. Sed augue ipsum, egestas nec, vestibulum et, malesuada adipiscing, dui..</p><p>Aliquam eu nunc. Aliquam eu nunc. Phasellus viverra nulla ut metus varius laoreet. Quisque id odio. Cras ultricies mi eu turpis hendrerit fringilla.</p><p>Curabitur suscipit suscipit tellus. Suspendisse feugiat. Donec interdum, metus et hendrerit aliquet, dolor diam sagittis ligula, eget egestas libero turpis vel mi. Morbi ac felis. Praesent adipiscing.</p><p>In auctor lobortis lacus. Vestibulum turpis sem, aliquet eget, lobortis pellentesque, rutrum eu, nisl. Fusce commodo aliquam arcu. Proin magna. Nam eget dui.</p>',NULL,NULL,1,1,6,0,0,NULL,3),
	(21,'SilverStripe\\CMS\\Model\\RedirectorPage','2020-09-23 15:47:27','2020-09-23 15:46:28','Inherit','Inherit',3,'adopt','Adopt',NULL,NULL,NULL,NULL,1,1,7,0,0,NULL,0);

/*!40000 ALTER TABLE `SiteTree_Live` ENABLE KEYS */;
UNLOCK TABLES;


# Dump of table SiteTree_Versions
# ------------------------------------------------------------

DROP TABLE IF EXISTS `SiteTree_Versions`;

CREATE TABLE `SiteTree_Versions` (
  `ID` int(11) NOT NULL AUTO_INCREMENT,
  `RecordID` int(11) NOT NULL DEFAULT '0',
  `Version` int(11) NOT NULL DEFAULT '0',
  `WasPublished` tinyint(1) unsigned NOT NULL DEFAULT '0',
  `WasDeleted` tinyint(1) unsigned NOT NULL DEFAULT '0',
  `WasDraft` tinyint(1) unsigned NOT NULL DEFAULT '1',
  `AuthorID` int(11) NOT NULL DEFAULT '0',
  `PublisherID` int(11) NOT NULL DEFAULT '0',
  `ClassName` enum('SilverStripe\\CMS\\Model\\SiteTree','Page','SilverStripe\\ErrorPage\\ErrorPage','SilverStripe\\CMS\\Model\\RedirectorPage','SilverStripe\\CMS\\Model\\VirtualPage','HomePage') DEFAULT 'Page',
  `LastEdited` datetime DEFAULT NULL,
  `Created` datetime DEFAULT NULL,
  `CanViewType` enum('Anyone','LoggedInUsers','OnlyTheseUsers','Inherit') DEFAULT 'Inherit',
  `CanEditType` enum('LoggedInUsers','OnlyTheseUsers','Inherit') DEFAULT 'Inherit',
  `URLSegment` varchar(255) DEFAULT NULL,
  `Title` varchar(255) DEFAULT NULL,
  `MenuTitle` varchar(100) DEFAULT NULL,
  `Content` mediumtext,
  `MetaDescription` mediumtext,
  `ExtraMeta` mediumtext,
  `ShowInMenus` tinyint(1) unsigned NOT NULL DEFAULT '0',
  `ShowInSearch` tinyint(1) unsigned NOT NULL DEFAULT '0',
  `Sort` int(11) NOT NULL DEFAULT '0',
  `HasBrokenFile` tinyint(1) unsigned NOT NULL DEFAULT '0',
  `HasBrokenLink` tinyint(1) unsigned NOT NULL DEFAULT '0',
  `ReportClass` varchar(255) DEFAULT NULL,
  `ParentID` int(11) NOT NULL DEFAULT '0',
  PRIMARY KEY (`ID`),
  KEY `RecordID_Version` (`RecordID`,`Version`),
  KEY `RecordID` (`RecordID`),
  KEY `Version` (`Version`),
  KEY `AuthorID` (`AuthorID`),
  KEY `PublisherID` (`PublisherID`),
  KEY `Sort` (`Sort`),
  KEY `ClassName` (`ClassName`),
  KEY `ParentID` (`ParentID`),
  KEY `URLSegment` (`URLSegment`)
) ENGINE=InnoDB DEFAULT CHARSET=utf8;

LOCK TABLES `SiteTree_Versions` WRITE;
/*!40000 ALTER TABLE `SiteTree_Versions` DISABLE KEYS */;

INSERT INTO `SiteTree_Versions` (`ID`, `RecordID`, `Version`, `WasPublished`, `WasDeleted`, `WasDraft`, `AuthorID`, `PublisherID`, `ClassName`, `LastEdited`, `Created`, `CanViewType`, `CanEditType`, `URLSegment`, `Title`, `MenuTitle`, `Content`, `MetaDescription`, `ExtraMeta`, `ShowInMenus`, `ShowInSearch`, `Sort`, `HasBrokenFile`, `HasBrokenLink`, `ReportClass`, `ParentID`)
VALUES
	(1,1,1,0,0,1,0,0,'Page','2020-09-14 13:48:27','2020-09-14 13:48:27','Inherit','Inherit','home','Home',NULL,'<p>Welcome to SilverStripe! This is the default homepage. You can edit this page by opening <a href=\"admin/\">the CMS</a>.</p><p>You can now access the <a href=\"http://docs.silverstripe.org\">developer documentation</a>, or begin the <a href=\"http://www.silverstripe.org/learn/lessons\">SilverStripe lessons</a>.</p>',NULL,NULL,1,1,1,0,0,NULL,0),
	(2,1,2,1,0,1,0,0,'Page','2020-09-14 13:48:27','2020-09-14 13:48:27','Inherit','Inherit','home','Home',NULL,'<p>Welcome to SilverStripe! This is the default homepage. You can edit this page by opening <a href=\"admin/\">the CMS</a>.</p><p>You can now access the <a href=\"http://docs.silverstripe.org\">developer documentation</a>, or begin the <a href=\"http://www.silverstripe.org/learn/lessons\">SilverStripe lessons</a>.</p>',NULL,NULL,1,1,1,0,0,NULL,0),
	(3,2,1,0,0,1,0,0,'Page','2020-09-14 13:48:27','2020-09-14 13:48:27','Inherit','Inherit','about-us','About Us',NULL,'<p>You can fill this page out with your own content, or delete it and create your own pages.</p>',NULL,NULL,1,1,2,0,0,NULL,0),
	(4,2,2,1,0,1,0,0,'Page','2020-09-14 13:48:27','2020-09-14 13:48:27','Inherit','Inherit','about-us','About Us',NULL,'<p>You can fill this page out with your own content, or delete it and create your own pages.</p>',NULL,NULL,1,1,2,0,0,NULL,0),
	(5,3,1,0,0,1,0,0,'Page','2020-09-14 13:48:27','2020-09-14 13:48:27','Inherit','Inherit','contact-us','Contact Us',NULL,'<p>You can fill this page out with your own content, or delete it and create your own pages.</p>',NULL,NULL,1,1,3,0,0,NULL,0),
	(6,3,2,1,0,1,0,0,'Page','2020-09-14 13:48:27','2020-09-14 13:48:27','Inherit','Inherit','contact-us','Contact Us',NULL,'<p>You can fill this page out with your own content, or delete it and create your own pages.</p>',NULL,NULL,1,1,3,0,0,NULL,0),
	(7,4,1,0,0,1,0,0,'SilverStripe\\ErrorPage\\ErrorPage','2020-09-14 13:48:28','2020-09-14 13:48:28','Inherit','Inherit','page-not-found','Page not found',NULL,'<p>Sorry, it seems you were trying to access a page that doesn\'t exist.</p><p>Please check the spelling of the URL you were trying to access and try again.</p>',NULL,NULL,0,0,4,0,0,NULL,0),
	(8,4,2,1,0,1,0,0,'SilverStripe\\ErrorPage\\ErrorPage','2020-09-14 13:48:28','2020-09-14 13:48:28','Inherit','Inherit','page-not-found','Page not found',NULL,'<p>Sorry, it seems you were trying to access a page that doesn\'t exist.</p><p>Please check the spelling of the URL you were trying to access and try again.</p>',NULL,NULL,0,0,4,0,0,NULL,0),
	(9,5,1,0,0,1,0,0,'SilverStripe\\ErrorPage\\ErrorPage','2020-09-14 13:48:31','2020-09-14 13:48:31','Inherit','Inherit','server-error','Server error',NULL,'<p>Sorry, there was a problem with handling your request.</p>',NULL,NULL,0,0,5,0,0,NULL,0),
	(10,5,2,1,0,1,0,0,'SilverStripe\\ErrorPage\\ErrorPage','2020-09-14 13:48:31','2020-09-14 13:48:31','Inherit','Inherit','server-error','Server error',NULL,'<p>Sorry, there was a problem with handling your request.</p>',NULL,NULL,0,0,5,0,0,NULL,0),
	(11,6,1,0,0,1,1,0,'HomePage','2020-09-17 17:14:31','2020-09-17 17:14:31','Inherit','Inherit','new-home-page','New Home Page',NULL,NULL,NULL,NULL,1,1,6,0,0,NULL,0),
	(12,6,2,0,0,1,1,0,'HomePage','2020-09-17 17:15:02','2020-09-17 17:14:31','Inherit','Inherit','a-home-page','A home page',NULL,'<p>Test</p>',NULL,NULL,1,1,6,0,0,NULL,0),
	(13,6,3,1,0,1,1,1,'HomePage','2020-09-17 17:15:02','2020-09-17 17:14:31','Inherit','Inherit','a-home-page','A home page',NULL,'<p>Test</p>',NULL,NULL,1,1,6,0,0,NULL,0),
	(14,6,4,0,0,1,1,0,'HomePage','2020-09-17 17:17:34','2020-09-17 17:14:31','Inherit','Inherit','a-home-page','A home page',NULL,'<p>Welcome to the home page</p>',NULL,NULL,1,1,6,0,0,NULL,0),
	(15,6,5,1,0,1,1,1,'HomePage','2020-09-17 17:17:35','2020-09-17 17:14:31','Inherit','Inherit','a-home-page','A home page',NULL,'<p>Welcome to the home page</p>',NULL,NULL,1,1,6,0,0,NULL,0),
	(16,3,3,0,0,1,1,0,'Page','2020-09-17 17:19:31','2020-09-14 13:48:27','Inherit','Inherit','faqs','FAQs',NULL,'<h3>Sed magna purus fermentum eu?</h3><p>Cum sociis natoque penatibus et magnis dis parturient montes, nascetur ridiculus mus. Nunc sed turpis. Maecenas tempus, tellus eget condimentum rhoncus, sem quam semper libero, sit amet adipiscing sem neque sed ipsum. Donec mollis hendrerit risus. Donec sodales sagittis magna.</p><p>Nulla porta dolor. Vivamus in erat ut urna cursus vestibulum. Sed cursus turpis vitae tortor. Aenean tellus metus, bibendum sed, posuere ac, mattis non, nunc. Cras ultricies mi eu turpis hendrerit fringilla.</p><p>In ut quam vitae odio lacinia tincidunt. Praesent turpis. Praesent ut ligula non mi varius sagittis. Vivamus elementum semper nisi. Suspendisse non nisl sit amet velit hendrerit rutrum.</p><p>&nbsp;</p><h3>Aenean commodo ligula eget?</h3><p>Donec venenatis vulputate lorem. Vivamus in erat ut urna cursus vestibulum. Fusce pharetra convallis urna. Suspendisse nisl elit, rhoncus eget, elementum ac, condimentum eget, diam. Sed augue ipsum, egestas nec, vestibulum et, malesuada adipiscing, dui.</p><p>Sed fringilla mauris sit amet nibh. Aenean ut eros et nisl sagittis vestibulum. Maecenas ullamcorper, dui et placerat feugiat, eros pede varius nisi, condimentum viverra felis nunc et lorem. Nullam cursus lacinia erat. Nullam nulla eros, ultricies sit amet, nonummy id, imperdiet feugiat, pede.</p><p>&nbsp;</p><h3>Sed magna purus fermentum eu?</h3><p>Cum sociis natoque penatibus et magnis dis parturient montes, nascetur ridiculus mus. Nunc sed turpis. Maecenas tempus, tellus eget condimentum rhoncus, sem quam semper libero, sit amet adipiscing sem neque sed ipsum. Donec mollis hendrerit risus. Donec sodales sagittis magna.</p><p>Nulla porta dolor. Vivamus in erat ut urna cursus vestibulum. Sed cursus turpis vitae tortor. Aenean tellus metus, bibendum sed, posuere ac, mattis non, nunc. Cras ultricies mi eu turpis hendrerit fringilla.</p><p>In ut quam vitae odio lacinia tincidunt. Praesent turpis. Praesent ut ligula non mi varius sagittis. Vivamus elementum semper nisi. Suspendisse non nisl sit amet velit hendrerit rutrum.</p><p>&nbsp;</p><h3>Aenean commodo ligula eget?</h3><p>Donec venenatis vulputate lorem. Vivamus in erat ut urna cursus vestibulum. Fusce pharetra convallis urna. Suspendisse nisl elit, rhoncus eget, elementum ac, condimentum eget, diam. Sed augue ipsum, egestas nec, vestibulum et, malesuada adipiscing, dui.</p><p>Sed fringilla mauris sit amet nibh. Aenean ut eros et nisl sagittis vestibulum. Maecenas ullamcorper, dui et placerat feugiat, eros pede varius nisi, condimentum viverra felis nunc et lorem. Nullam cursus lacinia erat. Nullam nulla eros, ultricies sit amet, nonummy id, imperdiet feugiat, pede.</p><p>&nbsp;</p><h3>Sed magna purus fermentum eu?</h3><p>Cum sociis natoque penatibus et magnis dis parturient montes, nascetur ridiculus mus. Nunc sed turpis. Maecenas tempus, tellus eget condimentum rhoncus, sem quam semper libero, sit amet adipiscing sem neque sed ipsum. Donec mollis hendrerit risus. Donec sodales sagittis magna.</p><p>Nulla porta dolor. Vivamus in erat ut urna cursus vestibulum. Sed cursus turpis vitae tortor. Aenean tellus metus, bibendum sed, posuere ac, mattis non, nunc. Cras ultricies mi eu turpis hendrerit fringilla.</p><p>In ut quam vitae odio lacinia tincidunt. Praesent turpis. Praesent ut ligula non mi varius sagittis. Vivamus elementum semper nisi. Suspendisse non nisl sit amet velit hendrerit rutrum.</p><p>&nbsp;</p><h3>Aenean commodo ligula eget?</h3><p>Donec venenatis vulputate lorem. Vivamus in erat ut urna cursus vestibulum. Fusce pharetra convallis urna. Suspendisse nisl elit, rhoncus eget, elementum ac, condimentum eget, diam. Sed augue ipsum, egestas nec, vestibulum et, malesuada adipiscing, dui.</p><p>Sed fringilla mauris sit amet nibh. Aenean ut eros et nisl sagittis vestibulum. Maecenas ullamcorper, dui et placerat feugiat, eros pede varius nisi, condimentum viverra felis nunc et lorem. Nullam cursus lacinia erat. Nullam nulla eros, ultricies sit amet, nonummy id, imperdiet feugiat, pede.</p>',NULL,NULL,1,1,3,0,0,NULL,0),
	(17,3,4,1,0,1,1,1,'Page','2020-09-17 17:19:32','2020-09-14 13:48:27','Inherit','Inherit','faqs','FAQs',NULL,'<h3>Sed magna purus fermentum eu?</h3><p>Cum sociis natoque penatibus et magnis dis parturient montes, nascetur ridiculus mus. Nunc sed turpis. Maecenas tempus, tellus eget condimentum rhoncus, sem quam semper libero, sit amet adipiscing sem neque sed ipsum. Donec mollis hendrerit risus. Donec sodales sagittis magna.</p><p>Nulla porta dolor. Vivamus in erat ut urna cursus vestibulum. Sed cursus turpis vitae tortor. Aenean tellus metus, bibendum sed, posuere ac, mattis non, nunc. Cras ultricies mi eu turpis hendrerit fringilla.</p><p>In ut quam vitae odio lacinia tincidunt. Praesent turpis. Praesent ut ligula non mi varius sagittis. Vivamus elementum semper nisi. Suspendisse non nisl sit amet velit hendrerit rutrum.</p><p>&nbsp;</p><h3>Aenean commodo ligula eget?</h3><p>Donec venenatis vulputate lorem. Vivamus in erat ut urna cursus vestibulum. Fusce pharetra convallis urna. Suspendisse nisl elit, rhoncus eget, elementum ac, condimentum eget, diam. Sed augue ipsum, egestas nec, vestibulum et, malesuada adipiscing, dui.</p><p>Sed fringilla mauris sit amet nibh. Aenean ut eros et nisl sagittis vestibulum. Maecenas ullamcorper, dui et placerat feugiat, eros pede varius nisi, condimentum viverra felis nunc et lorem. Nullam cursus lacinia erat. Nullam nulla eros, ultricies sit amet, nonummy id, imperdiet feugiat, pede.</p><p>&nbsp;</p><h3>Sed magna purus fermentum eu?</h3><p>Cum sociis natoque penatibus et magnis dis parturient montes, nascetur ridiculus mus. Nunc sed turpis. Maecenas tempus, tellus eget condimentum rhoncus, sem quam semper libero, sit amet adipiscing sem neque sed ipsum. Donec mollis hendrerit risus. Donec sodales sagittis magna.</p><p>Nulla porta dolor. Vivamus in erat ut urna cursus vestibulum. Sed cursus turpis vitae tortor. Aenean tellus metus, bibendum sed, posuere ac, mattis non, nunc. Cras ultricies mi eu turpis hendrerit fringilla.</p><p>In ut quam vitae odio lacinia tincidunt. Praesent turpis. Praesent ut ligula non mi varius sagittis. Vivamus elementum semper nisi. Suspendisse non nisl sit amet velit hendrerit rutrum.</p><p>&nbsp;</p><h3>Aenean commodo ligula eget?</h3><p>Donec venenatis vulputate lorem. Vivamus in erat ut urna cursus vestibulum. Fusce pharetra convallis urna. Suspendisse nisl elit, rhoncus eget, elementum ac, condimentum eget, diam. Sed augue ipsum, egestas nec, vestibulum et, malesuada adipiscing, dui.</p><p>Sed fringilla mauris sit amet nibh. Aenean ut eros et nisl sagittis vestibulum. Maecenas ullamcorper, dui et placerat feugiat, eros pede varius nisi, condimentum viverra felis nunc et lorem. Nullam cursus lacinia erat. Nullam nulla eros, ultricies sit amet, nonummy id, imperdiet feugiat, pede.</p><p>&nbsp;</p><h3>Sed magna purus fermentum eu?</h3><p>Cum sociis natoque penatibus et magnis dis parturient montes, nascetur ridiculus mus. Nunc sed turpis. Maecenas tempus, tellus eget condimentum rhoncus, sem quam semper libero, sit amet adipiscing sem neque sed ipsum. Donec mollis hendrerit risus. Donec sodales sagittis magna.</p><p>Nulla porta dolor. Vivamus in erat ut urna cursus vestibulum. Sed cursus turpis vitae tortor. Aenean tellus metus, bibendum sed, posuere ac, mattis non, nunc. Cras ultricies mi eu turpis hendrerit fringilla.</p><p>In ut quam vitae odio lacinia tincidunt. Praesent turpis. Praesent ut ligula non mi varius sagittis. Vivamus elementum semper nisi. Suspendisse non nisl sit amet velit hendrerit rutrum.</p><p>&nbsp;</p><h3>Aenean commodo ligula eget?</h3><p>Donec venenatis vulputate lorem. Vivamus in erat ut urna cursus vestibulum. Fusce pharetra convallis urna. Suspendisse nisl elit, rhoncus eget, elementum ac, condimentum eget, diam. Sed augue ipsum, egestas nec, vestibulum et, malesuada adipiscing, dui.</p><p>Sed fringilla mauris sit amet nibh. Aenean ut eros et nisl sagittis vestibulum. Maecenas ullamcorper, dui et placerat feugiat, eros pede varius nisi, condimentum viverra felis nunc et lorem. Nullam cursus lacinia erat. Nullam nulla eros, ultricies sit amet, nonummy id, imperdiet feugiat, pede.</p>',NULL,NULL,1,1,3,0,0,NULL,0),
	(18,7,1,0,0,1,1,0,'Page','2020-09-17 17:20:17','2020-09-17 17:20:17','Inherit','Inherit','new-page','New Page',NULL,NULL,NULL,NULL,1,1,7,0,0,NULL,0),
	(19,7,2,0,0,1,1,0,'Page','2020-09-17 17:20:35','2020-09-17 17:20:17','Inherit','Inherit','services','Services',NULL,'<p>Our services</p>',NULL,NULL,1,1,7,0,0,NULL,0),
	(20,7,3,1,0,1,1,1,'Page','2020-09-17 17:20:36','2020-09-17 17:20:17','Inherit','Inherit','services','Services',NULL,'<p>Our services</p>',NULL,NULL,1,1,7,0,0,NULL,0),
	(21,7,4,0,0,1,1,0,'Page','2020-09-17 17:20:41','2020-09-17 17:20:17','Inherit','Inherit','services','Services',NULL,'<p>Our services</p>',NULL,NULL,1,1,3,0,0,NULL,0),
	(22,7,5,1,0,1,1,1,'Page','2020-09-17 17:20:47','2020-09-17 17:20:17','Inherit','Inherit','services','Services',NULL,'<p>Our services</p>',NULL,NULL,1,1,3,0,0,NULL,0),
	(23,8,1,0,0,1,1,0,'Page','2020-09-17 17:21:06','2020-09-17 17:21:06','Inherit','Inherit','new-page','New Page',NULL,NULL,NULL,NULL,1,1,1,0,0,NULL,7),
	(24,8,2,0,0,1,1,0,'Page','2020-09-17 17:21:26','2020-09-17 17:21:06','Inherit','Inherit','adopt-a-dog','Adopt a dog',NULL,'<p>Proin sapien ipsum, porta a, auctor quis, euismod ut, mi. Nullam quis ante. Ut a nisl id ante tempus hendrerit. In ac felis quis tortor malesuada pretium. Quisque id mi.</p><p>Proin magna. Etiam imperdiet imperdiet orci. Nullam cursus lacinia erat. Nullam sagittis. Morbi nec metus.</p><p>Etiam imperdiet imperdiet orci. Proin faucibus arcu quis ante. Class aptent taciti sociosqu ad litora torquent per conubia nostra, per inceptos hymenaeos. Vestibulum suscipit nulla quis orci. Maecenas egestas arcu quis ligula mattis placerat.</p><p>Suspendisse potenti. Pellentesque posuere. Vestibulum eu odio. Praesent venenatis metus at tortor pulvinar varius. Aenean imperdiet.</p><p>Praesent porttitor, nulla vitae posuere iaculis, arcu nisl dignissim dolor, a pretium mi sem ut ipsum. Praesent porttitor, nulla vitae posuere iaculis, arcu nisl dignissim dolor, a pretium mi sem ut ipsum. Fusce vulputate eleifend sapien. Phasellus accumsan cursus velit. Ut a nisl id ante tempus hendrerit.</p>',NULL,NULL,1,1,1,0,0,NULL,7),
	(25,8,3,1,0,1,1,1,'Page','2020-09-17 17:21:27','2020-09-17 17:21:06','Inherit','Inherit','adopt-a-dog','Adopt a dog',NULL,'<p>Proin sapien ipsum, porta a, auctor quis, euismod ut, mi. Nullam quis ante. Ut a nisl id ante tempus hendrerit. In ac felis quis tortor malesuada pretium. Quisque id mi.</p><p>Proin magna. Etiam imperdiet imperdiet orci. Nullam cursus lacinia erat. Nullam sagittis. Morbi nec metus.</p><p>Etiam imperdiet imperdiet orci. Proin faucibus arcu quis ante. Class aptent taciti sociosqu ad litora torquent per conubia nostra, per inceptos hymenaeos. Vestibulum suscipit nulla quis orci. Maecenas egestas arcu quis ligula mattis placerat.</p><p>Suspendisse potenti. Pellentesque posuere. Vestibulum eu odio. Praesent venenatis metus at tortor pulvinar varius. Aenean imperdiet.</p><p>Praesent porttitor, nulla vitae posuere iaculis, arcu nisl dignissim dolor, a pretium mi sem ut ipsum. Praesent porttitor, nulla vitae posuere iaculis, arcu nisl dignissim dolor, a pretium mi sem ut ipsum. Fusce vulputate eleifend sapien. Phasellus accumsan cursus velit. Ut a nisl id ante tempus hendrerit.</p>',NULL,NULL,1,1,1,0,0,NULL,7),
	(26,9,1,0,0,1,1,0,'Page','2020-09-17 17:21:46','2020-09-17 17:21:46','Inherit','Inherit','new-page','New Page',NULL,NULL,NULL,NULL,1,1,2,0,0,NULL,7),
	(27,9,2,0,0,1,1,0,'Page','2020-09-17 17:22:03','2020-09-17 17:21:46','Inherit','Inherit','pet-nutritionists','Pet Nutritionists',NULL,'<p>Proin sapien ipsum, porta a, auctor quis, euismod ut, mi. Nullam quis ante. Ut a nisl id ante tempus hendrerit. In ac felis quis tortor malesuada pretium. Quisque id mi.</p><p>Proin magna. Etiam imperdiet imperdiet orci. Nullam cursus lacinia erat. Nullam sagittis. Morbi nec metus.</p><p>Etiam imperdiet imperdiet orci. Proin faucibus arcu quis ante. Class aptent taciti sociosqu ad litora torquent per conubia nostra, per inceptos hymenaeos. Vestibulum suscipit nulla quis orci. Maecenas egestas arcu quis ligula mattis placerat.</p><p>Suspendisse potenti. Pellentesque posuere. Vestibulum eu odio. Praesent venenatis metus at tortor pulvinar varius. Aenean imperdiet.</p><p>Praesent porttitor, nulla vitae posuere iaculis, arcu nisl dignissim dolor, a pretium mi sem ut ipsum. Praesent porttitor, nulla vitae posuere iaculis, arcu nisl dignissim dolor, a pretium mi sem ut ipsum. Fusce vulputate eleifend sapien. Phasellus accumsan cursus velit. Ut a nisl id ante tempus hendrerit.</p><p>Proin sapien ipsum, porta a, auctor quis, euismod ut, mi. Nullam quis ante. Ut a nisl id ante tempus hendrerit. In ac felis quis tortor malesuada pretium. Quisque id mi.</p><p>Proin magna. Etiam imperdiet imperdiet orci. Nullam cursus lacinia erat. Nullam sagittis. Morbi nec metus.</p><p>Etiam imperdiet imperdiet orci. Proin faucibus arcu quis ante. Class aptent taciti sociosqu ad litora torquent per conubia nostra, per inceptos hymenaeos. Vestibulum suscipit nulla quis orci. Maecenas egestas arcu quis ligula mattis placerat.</p><p>Suspendisse potenti. Pellentesque posuere. Vestibulum eu odio. Praesent venenatis metus at tortor pulvinar varius. Aenean imperdiet.</p><p>Praesent porttitor, nulla vitae posuere iaculis, arcu nisl dignissim dolor, a pretium mi sem ut ipsum. Praesent porttitor, nulla vitae posuere iaculis, arcu nisl dignissim dolor, a pretium mi sem ut ipsum. Fusce vulputate eleifend sapien. Phasellus accumsan cursus velit. Ut a nisl id ante tempus hendrerit.</p>',NULL,NULL,1,1,2,0,0,NULL,7),
	(28,9,3,1,0,1,1,1,'Page','2020-09-17 17:22:03','2020-09-17 17:21:46','Inherit','Inherit','pet-nutritionists','Pet Nutritionists',NULL,'<p>Proin sapien ipsum, porta a, auctor quis, euismod ut, mi. Nullam quis ante. Ut a nisl id ante tempus hendrerit. In ac felis quis tortor malesuada pretium. Quisque id mi.</p><p>Proin magna. Etiam imperdiet imperdiet orci. Nullam cursus lacinia erat. Nullam sagittis. Morbi nec metus.</p><p>Etiam imperdiet imperdiet orci. Proin faucibus arcu quis ante. Class aptent taciti sociosqu ad litora torquent per conubia nostra, per inceptos hymenaeos. Vestibulum suscipit nulla quis orci. Maecenas egestas arcu quis ligula mattis placerat.</p><p>Suspendisse potenti. Pellentesque posuere. Vestibulum eu odio. Praesent venenatis metus at tortor pulvinar varius. Aenean imperdiet.</p><p>Praesent porttitor, nulla vitae posuere iaculis, arcu nisl dignissim dolor, a pretium mi sem ut ipsum. Praesent porttitor, nulla vitae posuere iaculis, arcu nisl dignissim dolor, a pretium mi sem ut ipsum. Fusce vulputate eleifend sapien. Phasellus accumsan cursus velit. Ut a nisl id ante tempus hendrerit.</p><p>Proin sapien ipsum, porta a, auctor quis, euismod ut, mi. Nullam quis ante. Ut a nisl id ante tempus hendrerit. In ac felis quis tortor malesuada pretium. Quisque id mi.</p><p>Proin magna. Etiam imperdiet imperdiet orci. Nullam cursus lacinia erat. Nullam sagittis. Morbi nec metus.</p><p>Etiam imperdiet imperdiet orci. Proin faucibus arcu quis ante. Class aptent taciti sociosqu ad litora torquent per conubia nostra, per inceptos hymenaeos. Vestibulum suscipit nulla quis orci. Maecenas egestas arcu quis ligula mattis placerat.</p><p>Suspendisse potenti. Pellentesque posuere. Vestibulum eu odio. Praesent venenatis metus at tortor pulvinar varius. Aenean imperdiet.</p><p>Praesent porttitor, nulla vitae posuere iaculis, arcu nisl dignissim dolor, a pretium mi sem ut ipsum. Praesent porttitor, nulla vitae posuere iaculis, arcu nisl dignissim dolor, a pretium mi sem ut ipsum. Fusce vulputate eleifend sapien. Phasellus accumsan cursus velit. Ut a nisl id ante tempus hendrerit.</p>',NULL,NULL,1,1,2,0,0,NULL,7),
	(29,10,1,0,0,1,1,0,'Page','2020-09-17 17:22:17','2020-09-17 17:22:17','Inherit','Inherit','new-page','New Page',NULL,NULL,NULL,NULL,1,1,3,0,0,NULL,7),
	(30,10,2,0,0,1,1,0,'Page','2020-09-17 17:22:34','2020-09-17 17:22:17','Inherit','Inherit','fint-a-pet-sitter','Fint a pet sitter',NULL,'<p>Proin sapien ipsum, porta a, auctor quis, euismod ut, mi. Nullam quis ante. Ut a nisl id ante tempus hendrerit. In ac felis quis tortor malesuada pretium. Quisque id mi.</p><p>Proin magna. Etiam imperdiet imperdiet orci. Nullam cursus lacinia erat. Nullam sagittis. Morbi nec metus.</p><p>Etiam imperdiet imperdiet orci. Proin faucibus arcu quis ante. Class aptent taciti sociosqu ad litora torquent per conubia nostra, per inceptos hymenaeos. Vestibulum suscipit nulla quis orci. Maecenas egestas arcu quis ligula mattis placerat.</p><p>Suspendisse potenti. Pellentesque posuere. Vestibulum eu odio. Praesent venenatis metus at tortor pulvinar varius. Aenean imperdiet.</p>',NULL,NULL,1,1,3,0,0,NULL,7),
	(31,10,3,1,0,1,1,1,'Page','2020-09-17 17:22:35','2020-09-17 17:22:17','Inherit','Inherit','fint-a-pet-sitter','Fint a pet sitter',NULL,'<p>Proin sapien ipsum, porta a, auctor quis, euismod ut, mi. Nullam quis ante. Ut a nisl id ante tempus hendrerit. In ac felis quis tortor malesuada pretium. Quisque id mi.</p><p>Proin magna. Etiam imperdiet imperdiet orci. Nullam cursus lacinia erat. Nullam sagittis. Morbi nec metus.</p><p>Etiam imperdiet imperdiet orci. Proin faucibus arcu quis ante. Class aptent taciti sociosqu ad litora torquent per conubia nostra, per inceptos hymenaeos. Vestibulum suscipit nulla quis orci. Maecenas egestas arcu quis ligula mattis placerat.</p><p>Suspendisse potenti. Pellentesque posuere. Vestibulum eu odio. Praesent venenatis metus at tortor pulvinar varius. Aenean imperdiet.</p>',NULL,NULL,1,1,3,0,0,NULL,7),
	(32,11,1,0,0,1,1,0,'Page','2020-09-17 17:22:44','2020-09-17 17:22:44','Inherit','Inherit','new-page','New Page',NULL,NULL,NULL,NULL,1,1,4,0,0,NULL,7),
	(33,11,2,0,0,1,1,0,'Page','2020-09-17 17:23:05','2020-09-17 17:22:44','Inherit','Inherit','health-and-wellbeing','Health & Wellbeing',NULL,'<p>Proin sapien ipsum, porta a, auctor quis, euismod ut, mi. Nullam quis ante. Ut a nisl id ante tempus hendrerit. In ac felis quis tortor malesuada pretium. Quisque id mi.</p><p>Proin magna. Etiam imperdiet imperdiet orci. Nullam cursus lacinia erat. Nullam sagittis. Morbi nec metus.</p><p>Etiam imperdiet imperdiet orci. Proin faucibus arcu quis ante. Class aptent taciti sociosqu ad litora torquent per conubia nostra, per inceptos hymenaeos. Vestibulum suscipit nulla quis orci. Maecenas egestas arcu quis ligula mattis placerat.</p><p>Suspendisse potenti. Pellentesque posuere. Vestibulum eu odio. Praesent venenatis metus at tortor pulvinar varius. Aenean imperdiet.</p><p>Praesent porttitor, nulla vitae posuere iaculis, arcu nisl dignissim dolor, a pretium mi sem ut ipsum. Praesent porttitor, nulla vitae posuere iaculis, arcu nisl dignissim dolor, a pretium mi sem ut ipsum. Fusce vulputate eleifend sapien. Phasellus accumsan cursus velit. Ut a nisl id ante tempus hendrerit.</p>',NULL,NULL,1,1,4,0,0,NULL,7),
	(34,11,3,1,0,1,1,1,'Page','2020-09-17 17:23:05','2020-09-17 17:22:44','Inherit','Inherit','health-and-wellbeing','Health & Wellbeing',NULL,'<p>Proin sapien ipsum, porta a, auctor quis, euismod ut, mi. Nullam quis ante. Ut a nisl id ante tempus hendrerit. In ac felis quis tortor malesuada pretium. Quisque id mi.</p><p>Proin magna. Etiam imperdiet imperdiet orci. Nullam cursus lacinia erat. Nullam sagittis. Morbi nec metus.</p><p>Etiam imperdiet imperdiet orci. Proin faucibus arcu quis ante. Class aptent taciti sociosqu ad litora torquent per conubia nostra, per inceptos hymenaeos. Vestibulum suscipit nulla quis orci. Maecenas egestas arcu quis ligula mattis placerat.</p><p>Suspendisse potenti. Pellentesque posuere. Vestibulum eu odio. Praesent venenatis metus at tortor pulvinar varius. Aenean imperdiet.</p><p>Praesent porttitor, nulla vitae posuere iaculis, arcu nisl dignissim dolor, a pretium mi sem ut ipsum. Praesent porttitor, nulla vitae posuere iaculis, arcu nisl dignissim dolor, a pretium mi sem ut ipsum. Fusce vulputate eleifend sapien. Phasellus accumsan cursus velit. Ut a nisl id ante tempus hendrerit.</p>',NULL,NULL,1,1,4,0,0,NULL,7),
	(35,12,1,0,0,1,1,0,'Page','2020-09-17 17:23:25','2020-09-17 17:23:25','Inherit','Inherit','new-page','New Page',NULL,NULL,NULL,NULL,1,1,5,0,0,NULL,7),
	(36,12,2,0,0,1,1,0,'Page','2020-09-17 17:24:11','2020-09-17 17:23:25','Inherit','Inherit','report-a-stray-dog','Report a stray dog',NULL,'<p>Proin sapien ipsum, porta a, auctor quis, euismod ut, mi. Nullam quis ante. Ut a nisl id ante tempus hendrerit. In ac felis quis tortor malesuada pretium. Quisque id mi.</p><p>Proin magna. Etiam imperdiet imperdiet orci. Nullam cursus lacinia erat. Nullam sagittis. Morbi nec metus.</p><p>Etiam imperdiet imperdiet orci. Proin faucibus arcu quis ante. Class aptent taciti sociosqu ad litora torquent per conubia nostra, per inceptos hymenaeos. Vestibulum suscipit nulla quis orci. Maecenas egestas arcu quis ligula mattis placerat.</p><p>&nbsp;</p>',NULL,NULL,1,1,5,0,0,NULL,7),
	(37,12,3,1,0,1,1,1,'Page','2020-09-17 17:24:12','2020-09-17 17:23:25','Inherit','Inherit','report-a-stray-dog','Report a stray dog',NULL,'<p>Proin sapien ipsum, porta a, auctor quis, euismod ut, mi. Nullam quis ante. Ut a nisl id ante tempus hendrerit. In ac felis quis tortor malesuada pretium. Quisque id mi.</p><p>Proin magna. Etiam imperdiet imperdiet orci. Nullam cursus lacinia erat. Nullam sagittis. Morbi nec metus.</p><p>Etiam imperdiet imperdiet orci. Proin faucibus arcu quis ante. Class aptent taciti sociosqu ad litora torquent per conubia nostra, per inceptos hymenaeos. Vestibulum suscipit nulla quis orci. Maecenas egestas arcu quis ligula mattis placerat.</p><p>&nbsp;</p>',NULL,NULL,1,1,5,0,0,NULL,7),
	(38,13,1,0,0,1,1,0,'Page','2020-09-17 17:24:20','2020-09-17 17:24:20','Inherit','Inherit','new-page','New Page',NULL,NULL,NULL,NULL,1,1,6,0,0,NULL,7),
	(39,13,2,0,0,1,1,0,'Page','2020-09-17 17:24:46','2020-09-17 17:24:20','Inherit','Inherit','report-harassment','Report Harassment',NULL,'<p>Proin sapien ipsum, porta a, auctor quis, euismod ut, mi. Nullam quis ante. Ut a nisl id ante tempus hendrerit. In ac felis quis tortor malesuada pretium. Quisque id mi.</p><p>Proin magna. Etiam imperdiet imperdiet orci. Nullam cursus lacinia erat. Nullam sagittis. Morbi nec metus.</p><p>Etiam imperdiet imperdiet orci. Proin faucibus arcu quis ante. Class aptent taciti sociosqu ad litora torquent per conubia nostra, per inceptos hymenaeos. Vestibulum suscipit nulla quis orci. Maecenas egestas arcu quis ligula mattis placerat.</p><p>Suspendisse potenti. Pellentesque posuere. Vestibulum eu odio. Praesent venenatis metus at tortor pulvinar varius. Aenean imperdiet.</p><p>Praesent porttitor, nulla vitae posuere iaculis, arcu nisl dignissim dolor, a pretium mi sem ut ipsum. Praesent porttitor, nulla vitae posuere iaculis, arcu nisl dignissim dolor, a pretium mi sem ut ipsum. Fusce vulputate eleifend sapien. Phasellus accumsan cursus velit. Ut a nisl id ante tempus hendrerit.</p>',NULL,NULL,1,1,6,0,0,NULL,7),
	(40,13,3,1,0,1,1,1,'Page','2020-09-17 17:24:47','2020-09-17 17:24:20','Inherit','Inherit','report-harassment','Report Harassment',NULL,'<p>Proin sapien ipsum, porta a, auctor quis, euismod ut, mi. Nullam quis ante. Ut a nisl id ante tempus hendrerit. In ac felis quis tortor malesuada pretium. Quisque id mi.</p><p>Proin magna. Etiam imperdiet imperdiet orci. Nullam cursus lacinia erat. Nullam sagittis. Morbi nec metus.</p><p>Etiam imperdiet imperdiet orci. Proin faucibus arcu quis ante. Class aptent taciti sociosqu ad litora torquent per conubia nostra, per inceptos hymenaeos. Vestibulum suscipit nulla quis orci. Maecenas egestas arcu quis ligula mattis placerat.</p><p>Suspendisse potenti. Pellentesque posuere. Vestibulum eu odio. Praesent venenatis metus at tortor pulvinar varius. Aenean imperdiet.</p><p>Praesent porttitor, nulla vitae posuere iaculis, arcu nisl dignissim dolor, a pretium mi sem ut ipsum. Praesent porttitor, nulla vitae posuere iaculis, arcu nisl dignissim dolor, a pretium mi sem ut ipsum. Fusce vulputate eleifend sapien. Phasellus accumsan cursus velit. Ut a nisl id ante tempus hendrerit.</p>',NULL,NULL,1,1,6,0,0,NULL,7),
	(41,2,3,0,0,1,1,0,'Page','2020-09-18 11:18:30','2020-09-14 13:48:27','Inherit','Inherit','about-us','About Us',NULL,'<p>Duis vel nibh at velit scelerisque suscipit. Etiam iaculis nunc ac metus. Donec mollis hendrerit risus. Etiam rhoncus. Etiam ultricies nisi vel augue.</p><p>Quisque id mi. Aenean imperdiet. Nullam nulla eros, ultricies sit amet, nonummy id, imperdiet feugiat, pede. Cras id dui. Suspendisse eu ligula.</p><p>Quisque id odio.. Sed magna purus, fermentum eu, tincidunt eu, varius ut, felis. Nullam nulla eros, ultricies sit amet, nonummy id, imperdiet feugiat, pede. Nulla neque dolor, sagittis eget, iaculis quis, molestie non, velit.</p><p>Ut a nisl id ante tempus hendrerit. Phasellus ullamcorper ipsum rutrum nunc. Donec vitae orci sed dolor rutrum auctor. Pellentesque commodo eros a enim. Fusce fermentum odio nec arcu.</p><p>Vestibulum suscipit nulla quis orci. Quisque libero metus, condimentum nec, tempor a, commodo mollis, magna. In enim justo, rhoncus ut, imperdiet a, venenatis vitae, justo. Phasellus tempus. Quisque rutrum.</p>',NULL,NULL,1,1,2,0,0,NULL,0),
	(42,2,4,1,0,1,1,1,'Page','2020-09-18 11:18:31','2020-09-14 13:48:27','Inherit','Inherit','about-us','About Us',NULL,'<p>Duis vel nibh at velit scelerisque suscipit. Etiam iaculis nunc ac metus. Donec mollis hendrerit risus. Etiam rhoncus. Etiam ultricies nisi vel augue.</p><p>Quisque id mi. Aenean imperdiet. Nullam nulla eros, ultricies sit amet, nonummy id, imperdiet feugiat, pede. Cras id dui. Suspendisse eu ligula.</p><p>Quisque id odio.. Sed magna purus, fermentum eu, tincidunt eu, varius ut, felis. Nullam nulla eros, ultricies sit amet, nonummy id, imperdiet feugiat, pede. Nulla neque dolor, sagittis eget, iaculis quis, molestie non, velit.</p><p>Ut a nisl id ante tempus hendrerit. Phasellus ullamcorper ipsum rutrum nunc. Donec vitae orci sed dolor rutrum auctor. Pellentesque commodo eros a enim. Fusce fermentum odio nec arcu.</p><p>Vestibulum suscipit nulla quis orci. Quisque libero metus, condimentum nec, tempor a, commodo mollis, magna. In enim justo, rhoncus ut, imperdiet a, venenatis vitae, justo. Phasellus tempus. Quisque rutrum.</p>',NULL,NULL,1,1,2,0,0,NULL,0),
	(43,6,6,1,1,1,1,1,'HomePage','2020-09-18 11:28:41','2020-09-17 17:14:31','Inherit','Inherit',NULL,NULL,NULL,NULL,NULL,NULL,0,0,0,0,0,NULL,0),
	(44,14,1,0,0,1,1,0,'SilverStripe\\CMS\\Model\\RedirectorPage','2020-09-18 13:25:34','2020-09-18 13:25:34','Inherit','Inherit','new-redirector-page','New Redirector Page',NULL,NULL,NULL,NULL,1,1,7,0,1,NULL,0),
	(45,14,2,0,0,1,1,0,'SilverStripe\\CMS\\Model\\RedirectorPage','2020-09-18 13:25:51','2020-09-18 13:25:34','Inherit','Inherit','adopt','Adopt','Adopt pet',NULL,NULL,NULL,1,1,7,0,0,NULL,0),
	(46,14,3,1,0,1,1,1,'SilverStripe\\CMS\\Model\\RedirectorPage','2020-09-18 13:25:51','2020-09-18 13:25:34','Inherit','Inherit','adopt','Adopt','Adopt pet',NULL,NULL,NULL,1,1,7,0,0,NULL,0),
	(47,10,4,0,0,1,1,0,'Page','2020-09-18 14:40:48','2020-09-17 17:22:17','Inherit','Inherit','find-a-pet-sitter','Find a pet sitter',NULL,'<p>Proin sapien ipsum, porta a, auctor quis, euismod ut, mi. Nullam quis ante. Ut a nisl id ante tempus hendrerit. In ac felis quis tortor malesuada pretium. Quisque id mi.</p><p>Proin magna. Etiam imperdiet imperdiet orci. Nullam cursus lacinia erat. Nullam sagittis. Morbi nec metus.</p><p>Etiam imperdiet imperdiet orci. Proin faucibus arcu quis ante. Class aptent taciti sociosqu ad litora torquent per conubia nostra, per inceptos hymenaeos. Vestibulum suscipit nulla quis orci. Maecenas egestas arcu quis ligula mattis placerat.</p><p>Suspendisse potenti. Pellentesque posuere. Vestibulum eu odio. Praesent venenatis metus at tortor pulvinar varius. Aenean imperdiet.</p>',NULL,NULL,1,1,3,0,0,NULL,7),
	(48,10,5,1,0,1,1,1,'Page','2020-09-18 14:40:52','2020-09-17 17:22:17','Inherit','Inherit','find-a-pet-sitter','Find a pet sitter',NULL,'<p>Proin sapien ipsum, porta a, auctor quis, euismod ut, mi. Nullam quis ante. Ut a nisl id ante tempus hendrerit. In ac felis quis tortor malesuada pretium. Quisque id mi.</p><p>Proin magna. Etiam imperdiet imperdiet orci. Nullam cursus lacinia erat. Nullam sagittis. Morbi nec metus.</p><p>Etiam imperdiet imperdiet orci. Proin faucibus arcu quis ante. Class aptent taciti sociosqu ad litora torquent per conubia nostra, per inceptos hymenaeos. Vestibulum suscipit nulla quis orci. Maecenas egestas arcu quis ligula mattis placerat.</p><p>Suspendisse potenti. Pellentesque posuere. Vestibulum eu odio. Praesent venenatis metus at tortor pulvinar varius. Aenean imperdiet.</p>',NULL,NULL,1,1,3,0,0,NULL,7),
	(49,8,4,0,0,1,1,0,'Page','2020-09-18 14:41:57','2020-09-17 17:21:06','Inherit','Inherit','adopt-a-dog','Adopt a dog','Adopt','<p>Proin sapien ipsum, porta a, auctor quis, euismod ut, mi. Nullam quis ante. Ut a nisl id ante tempus hendrerit. In ac felis quis tortor malesuada pretium. Quisque id mi.</p><p>Proin magna. Etiam imperdiet imperdiet orci. Nullam cursus lacinia erat. Nullam sagittis. Morbi nec metus.</p><p>Etiam imperdiet imperdiet orci. Proin faucibus arcu quis ante. Class aptent taciti sociosqu ad litora torquent per conubia nostra, per inceptos hymenaeos. Vestibulum suscipit nulla quis orci. Maecenas egestas arcu quis ligula mattis placerat.</p><p>Suspendisse potenti. Pellentesque posuere. Vestibulum eu odio. Praesent venenatis metus at tortor pulvinar varius. Aenean imperdiet.</p><p>Praesent porttitor, nulla vitae posuere iaculis, arcu nisl dignissim dolor, a pretium mi sem ut ipsum. Praesent porttitor, nulla vitae posuere iaculis, arcu nisl dignissim dolor, a pretium mi sem ut ipsum. Fusce vulputate eleifend sapien. Phasellus accumsan cursus velit. Ut a nisl id ante tempus hendrerit.</p>',NULL,NULL,1,1,1,0,0,NULL,7),
	(50,8,5,1,0,1,1,1,'Page','2020-09-18 14:41:57','2020-09-17 17:21:06','Inherit','Inherit','adopt-a-dog','Adopt a dog','Adopt','<p>Proin sapien ipsum, porta a, auctor quis, euismod ut, mi. Nullam quis ante. Ut a nisl id ante tempus hendrerit. In ac felis quis tortor malesuada pretium. Quisque id mi.</p><p>Proin magna. Etiam imperdiet imperdiet orci. Nullam cursus lacinia erat. Nullam sagittis. Morbi nec metus.</p><p>Etiam imperdiet imperdiet orci. Proin faucibus arcu quis ante. Class aptent taciti sociosqu ad litora torquent per conubia nostra, per inceptos hymenaeos. Vestibulum suscipit nulla quis orci. Maecenas egestas arcu quis ligula mattis placerat.</p><p>Suspendisse potenti. Pellentesque posuere. Vestibulum eu odio. Praesent venenatis metus at tortor pulvinar varius. Aenean imperdiet.</p><p>Praesent porttitor, nulla vitae posuere iaculis, arcu nisl dignissim dolor, a pretium mi sem ut ipsum. Praesent porttitor, nulla vitae posuere iaculis, arcu nisl dignissim dolor, a pretium mi sem ut ipsum. Fusce vulputate eleifend sapien. Phasellus accumsan cursus velit. Ut a nisl id ante tempus hendrerit.</p>',NULL,NULL,1,1,1,0,0,NULL,7),
	(51,14,4,0,0,1,1,0,'SilverStripe\\CMS\\Model\\RedirectorPage','2020-09-18 14:42:10','2020-09-18 13:25:34','Inherit','Inherit','adopt','Adopt',NULL,NULL,NULL,NULL,1,1,7,0,0,NULL,0),
	(52,14,5,1,0,1,1,1,'SilverStripe\\CMS\\Model\\RedirectorPage','2020-09-18 14:42:11','2020-09-18 13:25:34','Inherit','Inherit','adopt','Adopt',NULL,NULL,NULL,NULL,1,1,7,0,0,NULL,0),
	(53,3,5,0,0,1,1,0,'Page','2020-09-18 14:52:41','2020-09-14 13:48:27','Inherit','Inherit','faqs','FAQs',NULL,'<h3>Sed magna purus fermentum eu?</h3><p>Cum sociis natoque penatibus et magnis dis parturient montes, nascetur ridiculus mus. Nunc sed turpis. Maecenas tempus, tellus eget condimentum rhoncus, sem quam semper libero, sit amet adipiscing sem neque sed ipsum. Donec mollis hendrerit risus. Donec sodales sagittis magna.</p><p>Nulla porta dolor. Vivamus in erat ut urna cursus vestibulum. Sed cursus turpis vitae tortor. Aenean tellus metus, bibendum sed, posuere ac, mattis non, nunc. Cras ultricies mi eu turpis hendrerit fringilla.</p><p>In ut quam vitae odio lacinia tincidunt. Praesent turpis. Praesent ut ligula non mi varius sagittis. Vivamus elementum semper nisi. Suspendisse non nisl sit amet velit hendrerit rutrum.</p><p>&nbsp;</p><h3>Aenean commodo ligula eget?</h3><p>Donec venenatis vulputate lorem. Vivamus in erat ut urna cursus vestibulum. Fusce pharetra convallis urna. Suspendisse nisl elit, rhoncus eget, elementum ac, condimentum eget, diam. Sed augue ipsum, egestas nec, vestibulum et, malesuada adipiscing, dui.</p><p>Sed fringilla mauris sit amet nibh. Aenean ut eros et nisl sagittis vestibulum. Maecenas ullamcorper, dui et placerat feugiat, eros pede varius nisi, condimentum viverra felis nunc et lorem. Nullam cursus lacinia erat. Nullam nulla eros, ultricies sit amet, nonummy id, imperdiet feugiat, pede.</p><p>&nbsp;</p><h3>Sed magna purus fermentum eu?</h3><p>Cum sociis natoque penatibus et magnis dis parturient montes, nascetur ridiculus mus. Nunc sed turpis. Maecenas tempus, tellus eget condimentum rhoncus, sem quam semper libero, sit amet adipiscing sem neque sed ipsum. Donec mollis hendrerit risus. Donec sodales sagittis magna.</p><p>Nulla porta dolor. Vivamus in erat ut urna cursus vestibulum. Sed cursus turpis vitae tortor. Aenean tellus metus, bibendum sed, posuere ac, mattis non, nunc. Cras ultricies mi eu turpis hendrerit fringilla.</p><p>In ut quam vitae odio lacinia tincidunt. Praesent turpis. Praesent ut ligula non mi varius sagittis. Vivamus elementum semper nisi. Suspendisse non nisl sit amet velit hendrerit rutrum.</p><p>&nbsp;</p><h3>Aenean commodo ligula eget?</h3><p>Donec venenatis vulputate lorem. Vivamus in erat ut urna cursus vestibulum. Fusce pharetra convallis urna. Suspendisse nisl elit, rhoncus eget, elementum ac, condimentum eget, diam. Sed augue ipsum, egestas nec, vestibulum et, malesuada adipiscing, dui.</p><p>Sed fringilla mauris sit amet nibh. Aenean ut eros et nisl sagittis vestibulum. Maecenas ullamcorper, dui et placerat feugiat, eros pede varius nisi, condimentum viverra felis nunc et lorem. Nullam cursus lacinia erat. Nullam nulla eros, ultricies sit amet, nonummy id, imperdiet feugiat, pede.</p><p>&nbsp;</p><h3>Sed magna purus fermentum eu?</h3><p>Cum sociis natoque penatibus et magnis dis parturient montes, nascetur ridiculus mus. Nunc sed turpis. Maecenas tempus, tellus eget condimentum rhoncus, sem quam semper libero, sit amet adipiscing sem neque sed ipsum. Donec mollis hendrerit risus. Donec sodales sagittis magna.</p><p>Nulla porta dolor. Vivamus in erat ut urna cursus vestibulum. Sed cursus turpis vitae tortor. Aenean tellus metus, bibendum sed, posuere ac, mattis non, nunc. Cras ultricies mi eu turpis hendrerit fringilla.</p><p>In ut quam vitae odio lacinia tincidunt. Praesent turpis. Praesent ut ligula non mi varius sagittis. Vivamus elementum semper nisi. Suspendisse non nisl sit amet velit hendrerit rutrum.</p><p>&nbsp;</p><h3>Aenean commodo ligula eget?</h3><p>Donec venenatis vulputate lorem. Vivamus in erat ut urna cursus vestibulum. Fusce pharetra convallis urna. Suspendisse nisl elit, rhoncus eget, elementum ac, condimentum eget, diam. Sed augue ipsum, egestas nec, vestibulum et, malesuada adipiscing, dui.</p><p>Sed fringilla mauris sit amet nibh. Aenean ut eros et nisl sagittis vestibulum. Maecenas ullamcorper, dui et placerat feugiat, eros pede varius nisi, condimentum viverra felis nunc et lorem. Nullam cursus lacinia erat. Nullam nulla eros, ultricies sit amet, nonummy id, imperdiet feugiat, pede.</p><p>Thanks!</p>',NULL,NULL,1,1,4,0,0,NULL,0),
	(54,15,1,0,0,1,1,0,'Page','2020-09-21 13:14:17','2020-09-21 13:14:17','Inherit','Inherit','new-page','New Page',NULL,NULL,NULL,NULL,1,1,1,0,0,NULL,3),
	(55,15,2,0,0,1,1,0,'Page','2020-09-21 13:14:38','2020-09-21 13:14:17','Inherit','Inherit','how-to-adopt','How to adopt',NULL,'<p>Etiam ultricies nisi vel augue. In enim justo, rhoncus ut, imperdiet a, venenatis vitae, justo. Suspendisse potenti. Curabitur a felis in nunc fringilla tristique. Duis arcu tortor, suscipit eget, imperdiet nec, imperdiet iaculis, ipsum.</p><p>Nulla facilisi. Nunc sed turpis. Fusce commodo aliquam arcu. Sed augue ipsum, egestas nec, vestibulum et, malesuada adipiscing, dui. Vestibulum eu odio.</p><p>In ut quam vitae odio lacinia tincidunt. Maecenas egestas arcu quis ligula mattis placerat. In ut quam vitae odio lacinia tincidunt. In auctor lobortis lacus. Vestibulum ullamcorper mauris at ligula.</p>',NULL,NULL,1,1,1,0,0,NULL,3),
	(56,15,3,1,0,1,1,1,'Page','2020-09-21 13:14:39','2020-09-21 13:14:17','Inherit','Inherit','how-to-adopt','How to adopt',NULL,'<p>Etiam ultricies nisi vel augue. In enim justo, rhoncus ut, imperdiet a, venenatis vitae, justo. Suspendisse potenti. Curabitur a felis in nunc fringilla tristique. Duis arcu tortor, suscipit eget, imperdiet nec, imperdiet iaculis, ipsum.</p><p>Nulla facilisi. Nunc sed turpis. Fusce commodo aliquam arcu. Sed augue ipsum, egestas nec, vestibulum et, malesuada adipiscing, dui. Vestibulum eu odio.</p><p>In ut quam vitae odio lacinia tincidunt. Maecenas egestas arcu quis ligula mattis placerat. In ut quam vitae odio lacinia tincidunt. In auctor lobortis lacus. Vestibulum ullamcorper mauris at ligula.</p>',NULL,NULL,1,1,1,0,0,NULL,3),
	(57,16,1,0,0,1,1,0,'Page','2020-09-21 13:14:44','2020-09-21 13:14:44','Inherit','Inherit','new-page','New Page',NULL,NULL,NULL,NULL,1,1,2,0,0,NULL,3),
	(58,16,2,0,0,1,1,0,'Page','2020-09-21 13:15:03','2020-09-21 13:14:44','Inherit','Inherit','find-shelters','Find shelters',NULL,'<p>Etiam ultricies nisi vel augue. In enim justo, rhoncus ut, imperdiet a, venenatis vitae, justo. Suspendisse potenti. Curabitur a felis in nunc fringilla tristique. Duis arcu tortor, suscipit eget, imperdiet nec, imperdiet iaculis, ipsum.</p><p>Nulla facilisi. Nunc sed turpis. Fusce commodo aliquam arcu. Sed augue ipsum, egestas nec, vestibulum et, malesuada adipiscing, dui. Vestibulum eu odio.</p><p>In ut quam vitae odio lacinia tincidunt. Maecenas egestas arcu quis ligula mattis placerat. In ut quam vitae odio lacinia tincidunt. In auctor lobortis lacus. Vestibulum ullamcorper mauris at ligula.</p><p>Etiam ultricies nisi vel augue. In enim justo, rhoncus ut, imperdiet a, venenatis vitae, justo. Suspendisse potenti. Curabitur a felis in nunc fringilla tristique. Duis arcu tortor, suscipit eget, imperdiet nec, imperdiet iaculis, ipsum.</p><p>Nulla facilisi. Nunc sed turpis. Fusce commodo aliquam arcu. Sed augue ipsum, egestas nec, vestibulum et, malesuada adipiscing, dui. Vestibulum eu odio.</p><p>In ut quam vitae odio lacinia tincidunt. Maecenas egestas arcu quis ligula mattis placerat. In ut quam vitae odio lacinia tincidunt. In auctor lobortis lacus. Vestibulum ullamcorper mauris at ligula.</p>',NULL,NULL,1,1,2,0,0,NULL,3),
	(59,16,3,1,0,1,1,1,'Page','2020-09-21 13:15:04','2020-09-21 13:14:44','Inherit','Inherit','find-shelters','Find shelters',NULL,'<p>Etiam ultricies nisi vel augue. In enim justo, rhoncus ut, imperdiet a, venenatis vitae, justo. Suspendisse potenti. Curabitur a felis in nunc fringilla tristique. Duis arcu tortor, suscipit eget, imperdiet nec, imperdiet iaculis, ipsum.</p><p>Nulla facilisi. Nunc sed turpis. Fusce commodo aliquam arcu. Sed augue ipsum, egestas nec, vestibulum et, malesuada adipiscing, dui. Vestibulum eu odio.</p><p>In ut quam vitae odio lacinia tincidunt. Maecenas egestas arcu quis ligula mattis placerat. In ut quam vitae odio lacinia tincidunt. In auctor lobortis lacus. Vestibulum ullamcorper mauris at ligula.</p><p>Etiam ultricies nisi vel augue. In enim justo, rhoncus ut, imperdiet a, venenatis vitae, justo. Suspendisse potenti. Curabitur a felis in nunc fringilla tristique. Duis arcu tortor, suscipit eget, imperdiet nec, imperdiet iaculis, ipsum.</p><p>Nulla facilisi. Nunc sed turpis. Fusce commodo aliquam arcu. Sed augue ipsum, egestas nec, vestibulum et, malesuada adipiscing, dui. Vestibulum eu odio.</p><p>In ut quam vitae odio lacinia tincidunt. Maecenas egestas arcu quis ligula mattis placerat. In ut quam vitae odio lacinia tincidunt. In auctor lobortis lacus. Vestibulum ullamcorper mauris at ligula.</p>',NULL,NULL,1,1,2,0,0,NULL,3),
	(60,17,1,0,0,1,1,0,'Page','2020-09-21 13:15:12','2020-09-21 13:15:12','Inherit','Inherit','new-page','New Page',NULL,NULL,NULL,NULL,1,1,3,0,0,NULL,3),
	(61,17,2,0,0,1,1,0,'Page','2020-09-21 13:15:25','2020-09-21 13:15:12','Inherit','Inherit','pets-and-breeds','Pets & breeds',NULL,'<p>Etiam ultricies nisi vel augue. In enim justo, rhoncus ut, imperdiet a, venenatis vitae, justo. Suspendisse potenti. Curabitur a felis in nunc fringilla tristique. Duis arcu tortor, suscipit eget, imperdiet nec, imperdiet iaculis, ipsum.</p><p>Nulla facilisi. Nunc sed turpis. Fusce commodo aliquam arcu. Sed augue ipsum, egestas nec, vestibulum et, malesuada adipiscing, dui. Vestibulum eu odio.</p><p>In ut quam vitae odio lacinia tincidunt. Maecenas egestas arcu quis ligula mattis placerat. In ut quam vitae odio lacinia tincidunt. In auctor lobortis lacus. Vestibulum ullamcorper mauris at ligula.</p>',NULL,NULL,1,1,3,0,0,NULL,3),
	(62,17,3,1,0,1,1,1,'Page','2020-09-21 13:15:25','2020-09-21 13:15:12','Inherit','Inherit','pets-and-breeds','Pets & breeds',NULL,'<p>Etiam ultricies nisi vel augue. In enim justo, rhoncus ut, imperdiet a, venenatis vitae, justo. Suspendisse potenti. Curabitur a felis in nunc fringilla tristique. Duis arcu tortor, suscipit eget, imperdiet nec, imperdiet iaculis, ipsum.</p><p>Nulla facilisi. Nunc sed turpis. Fusce commodo aliquam arcu. Sed augue ipsum, egestas nec, vestibulum et, malesuada adipiscing, dui. Vestibulum eu odio.</p><p>In ut quam vitae odio lacinia tincidunt. Maecenas egestas arcu quis ligula mattis placerat. In ut quam vitae odio lacinia tincidunt. In auctor lobortis lacus. Vestibulum ullamcorper mauris at ligula.</p>',NULL,NULL,1,1,3,0,0,NULL,3),
	(63,18,1,0,0,1,1,0,'Page','2020-09-21 13:15:36','2020-09-21 13:15:36','Inherit','Inherit','new-page','New Page',NULL,NULL,NULL,NULL,1,1,4,0,0,NULL,3),
	(64,18,2,0,0,1,1,0,'Page','2020-09-21 13:15:50','2020-09-21 13:15:36','Inherit','Inherit','training-you-pet','Training you pet',NULL,'<p>Sed a libero. Phasellus consectetuer vestibulum elit. Nunc interdum lacus sit amet orci. Sed augue ipsum, egestas nec, vestibulum et, malesuada adipiscing, dui..</p><p>Aliquam eu nunc. Aliquam eu nunc. Phasellus viverra nulla ut metus varius laoreet. Quisque id odio. Cras ultricies mi eu turpis hendrerit fringilla.</p><p>Curabitur suscipit suscipit tellus. Suspendisse feugiat. Donec interdum, metus et hendrerit aliquet, dolor diam sagittis ligula, eget egestas libero turpis vel mi. Morbi ac felis. Praesent adipiscing.</p><p>In auctor lobortis lacus. Vestibulum turpis sem, aliquet eget, lobortis pellentesque, rutrum eu, nisl. Fusce commodo aliquam arcu. Proin magna. Nam eget dui.</p>',NULL,NULL,1,1,4,0,0,NULL,3),
	(65,18,3,1,0,1,1,1,'Page','2020-09-21 13:15:51','2020-09-21 13:15:36','Inherit','Inherit','training-you-pet','Training you pet',NULL,'<p>Sed a libero. Phasellus consectetuer vestibulum elit. Nunc interdum lacus sit amet orci. Sed augue ipsum, egestas nec, vestibulum et, malesuada adipiscing, dui..</p><p>Aliquam eu nunc. Aliquam eu nunc. Phasellus viverra nulla ut metus varius laoreet. Quisque id odio. Cras ultricies mi eu turpis hendrerit fringilla.</p><p>Curabitur suscipit suscipit tellus. Suspendisse feugiat. Donec interdum, metus et hendrerit aliquet, dolor diam sagittis ligula, eget egestas libero turpis vel mi. Morbi ac felis. Praesent adipiscing.</p><p>In auctor lobortis lacus. Vestibulum turpis sem, aliquet eget, lobortis pellentesque, rutrum eu, nisl. Fusce commodo aliquam arcu. Proin magna. Nam eget dui.</p>',NULL,NULL,1,1,4,0,0,NULL,3),
	(66,18,4,0,0,1,1,0,'Page','2020-09-21 13:16:32','2020-09-21 13:15:36','Inherit','Inherit','training-you-pet','Training you pet',NULL,'<p>[image src=\"/assets/0c6ef82cb1/3.jpg\" id=\"3\" width=\"600\" height=\"525\" class=\"leftAlone ss-htmleditorfield-file image\"]</p><p>Sed a libero. Phasellus consectetuer vestibulum elit. Nunc interdum lacus sit amet orci. Sed augue ipsum, egestas nec, vestibulum et, malesuada adipiscing, dui..</p><p>Aliquam eu nunc. Aliquam eu nunc. Phasellus viverra nulla ut metus varius laoreet. Quisque id odio. Cras ultricies mi eu turpis hendrerit fringilla.</p><p>Curabitur suscipit suscipit tellus. Suspendisse feugiat. Donec interdum, metus et hendrerit aliquet, dolor diam sagittis ligula, eget egestas libero turpis vel mi. Morbi ac felis. Praesent adipiscing.</p><p>In auctor lobortis lacus. Vestibulum turpis sem, aliquet eget, lobortis pellentesque, rutrum eu, nisl. Fusce commodo aliquam arcu. Proin magna. Nam eget dui.</p>',NULL,NULL,1,1,4,0,0,NULL,3),
	(67,18,5,1,0,1,1,1,'Page','2020-09-21 13:16:33','2020-09-21 13:15:36','Inherit','Inherit','training-you-pet','Training you pet',NULL,'<p>[image src=\"/assets/0c6ef82cb1/3.jpg\" id=\"3\" width=\"600\" height=\"525\" class=\"leftAlone ss-htmleditorfield-file image\"]</p><p>Sed a libero. Phasellus consectetuer vestibulum elit. Nunc interdum lacus sit amet orci. Sed augue ipsum, egestas nec, vestibulum et, malesuada adipiscing, dui..</p><p>Aliquam eu nunc. Aliquam eu nunc. Phasellus viverra nulla ut metus varius laoreet. Quisque id odio. Cras ultricies mi eu turpis hendrerit fringilla.</p><p>Curabitur suscipit suscipit tellus. Suspendisse feugiat. Donec interdum, metus et hendrerit aliquet, dolor diam sagittis ligula, eget egestas libero turpis vel mi. Morbi ac felis. Praesent adipiscing.</p><p>In auctor lobortis lacus. Vestibulum turpis sem, aliquet eget, lobortis pellentesque, rutrum eu, nisl. Fusce commodo aliquam arcu. Proin magna. Nam eget dui.</p>',NULL,NULL,1,1,4,0,0,NULL,3),
	(68,19,1,0,0,1,1,0,'Page','2020-09-21 13:16:42','2020-09-21 13:16:42','Inherit','Inherit','new-page','New Page',NULL,NULL,NULL,NULL,1,1,5,0,0,NULL,3),
	(69,19,2,0,0,1,1,0,'Page','2020-09-21 13:16:55','2020-09-21 13:16:42','Inherit','Inherit','your-first-pet','Your first pet?',NULL,'<p>Sed a libero. Phasellus consectetuer vestibulum elit. Nunc interdum lacus sit amet orci. Sed augue ipsum, egestas nec, vestibulum et, malesuada adipiscing, dui..</p><p>Aliquam eu nunc. Aliquam eu nunc. Phasellus viverra nulla ut metus varius laoreet. Quisque id odio. Cras ultricies mi eu turpis hendrerit fringilla.</p><p>Curabitur suscipit suscipit tellus. Suspendisse feugiat. Donec interdum, metus et hendrerit aliquet, dolor diam sagittis ligula, eget egestas libero turpis vel mi. Morbi ac felis. Praesent adipiscing.</p><p>In auctor lobortis lacus. Vestibulum turpis sem, aliquet eget, lobortis pellentesque, rutrum eu, nisl. Fusce commodo aliquam arcu. Proin magna. Nam eget dui.</p><p>Sed a libero. Phasellus consectetuer vestibulum elit. Nunc interdum lacus sit amet orci. Sed augue ipsum, egestas nec, vestibulum et, malesuada adipiscing, dui..</p><p>Aliquam eu nunc. Aliquam eu nunc. Phasellus viverra nulla ut metus varius laoreet. Quisque id odio. Cras ultricies mi eu turpis hendrerit fringilla.</p><p>Curabitur suscipit suscipit tellus. Suspendisse feugiat. Donec interdum, metus et hendrerit aliquet, dolor diam sagittis ligula, eget egestas libero turpis vel mi. Morbi ac felis. Praesent adipiscing.</p><p>In auctor lobortis lacus. Vestibulum turpis sem, aliquet eget, lobortis pellentesque, rutrum eu, nisl. Fusce commodo aliquam arcu. Proin magna. Nam eget dui.</p>',NULL,NULL,1,1,5,0,0,NULL,3),
	(70,19,3,1,0,1,1,1,'Page','2020-09-21 13:16:55','2020-09-21 13:16:42','Inherit','Inherit','your-first-pet','Your first pet?',NULL,'<p>Sed a libero. Phasellus consectetuer vestibulum elit. Nunc interdum lacus sit amet orci. Sed augue ipsum, egestas nec, vestibulum et, malesuada adipiscing, dui..</p><p>Aliquam eu nunc. Aliquam eu nunc. Phasellus viverra nulla ut metus varius laoreet. Quisque id odio. Cras ultricies mi eu turpis hendrerit fringilla.</p><p>Curabitur suscipit suscipit tellus. Suspendisse feugiat. Donec interdum, metus et hendrerit aliquet, dolor diam sagittis ligula, eget egestas libero turpis vel mi. Morbi ac felis. Praesent adipiscing.</p><p>In auctor lobortis lacus. Vestibulum turpis sem, aliquet eget, lobortis pellentesque, rutrum eu, nisl. Fusce commodo aliquam arcu. Proin magna. Nam eget dui.</p><p>Sed a libero. Phasellus consectetuer vestibulum elit. Nunc interdum lacus sit amet orci. Sed augue ipsum, egestas nec, vestibulum et, malesuada adipiscing, dui..</p><p>Aliquam eu nunc. Aliquam eu nunc. Phasellus viverra nulla ut metus varius laoreet. Quisque id odio. Cras ultricies mi eu turpis hendrerit fringilla.</p><p>Curabitur suscipit suscipit tellus. Suspendisse feugiat. Donec interdum, metus et hendrerit aliquet, dolor diam sagittis ligula, eget egestas libero turpis vel mi. Morbi ac felis. Praesent adipiscing.</p><p>In auctor lobortis lacus. Vestibulum turpis sem, aliquet eget, lobortis pellentesque, rutrum eu, nisl. Fusce commodo aliquam arcu. Proin magna. Nam eget dui.</p>',NULL,NULL,1,1,5,0,0,NULL,3),
	(71,20,1,0,0,1,1,0,'Page','2020-09-21 13:17:37','2020-09-21 13:17:37','Inherit','Inherit','new-page','New Page',NULL,NULL,NULL,NULL,1,1,6,0,0,NULL,3),
	(72,20,2,0,0,1,1,0,'Page','2020-09-21 13:17:52','2020-09-21 13:17:37','Inherit','Inherit','health-benefits','Health benefits',NULL,'<p>Sed a libero. Phasellus consectetuer vestibulum elit. Nunc interdum lacus sit amet orci. Sed augue ipsum, egestas nec, vestibulum et, malesuada adipiscing, dui..</p><p>Aliquam eu nunc. Aliquam eu nunc. Phasellus viverra nulla ut metus varius laoreet. Quisque id odio. Cras ultricies mi eu turpis hendrerit fringilla.</p><p>Curabitur suscipit suscipit tellus. Suspendisse feugiat. Donec interdum, metus et hendrerit aliquet, dolor diam sagittis ligula, eget egestas libero turpis vel mi. Morbi ac felis. Praesent adipiscing.</p><p>In auctor lobortis lacus. Vestibulum turpis sem, aliquet eget, lobortis pellentesque, rutrum eu, nisl. Fusce commodo aliquam arcu. Proin magna. Nam eget dui.</p>',NULL,NULL,1,1,6,0,0,NULL,3),
	(73,20,3,1,0,1,1,1,'Page','2020-09-21 13:17:53','2020-09-21 13:17:37','Inherit','Inherit','health-benefits','Health benefits',NULL,'<p>Sed a libero. Phasellus consectetuer vestibulum elit. Nunc interdum lacus sit amet orci. Sed augue ipsum, egestas nec, vestibulum et, malesuada adipiscing, dui..</p><p>Aliquam eu nunc. Aliquam eu nunc. Phasellus viverra nulla ut metus varius laoreet. Quisque id odio. Cras ultricies mi eu turpis hendrerit fringilla.</p><p>Curabitur suscipit suscipit tellus. Suspendisse feugiat. Donec interdum, metus et hendrerit aliquet, dolor diam sagittis ligula, eget egestas libero turpis vel mi. Morbi ac felis. Praesent adipiscing.</p><p>In auctor lobortis lacus. Vestibulum turpis sem, aliquet eget, lobortis pellentesque, rutrum eu, nisl. Fusce commodo aliquam arcu. Proin magna. Nam eget dui.</p>',NULL,NULL,1,1,6,0,0,NULL,3),
	(74,1,3,0,0,1,1,0,'HomePage','2020-09-22 18:28:58','2020-09-14 13:48:27','Inherit','Inherit','home','Home',NULL,'<p>Welcome to SilverStripe! This is the default homepage. You can edit this page by opening <a href=\"admin/\">the CMS</a>.</p><p>You can now access the <a href=\"http://docs.silverstripe.org\">developer documentation</a>, or begin the <a href=\"http://www.silverstripe.org/learn/lessons\">SilverStripe lessons</a>.</p>',NULL,NULL,1,1,1,0,0,NULL,0),
	(75,1,4,1,0,1,1,1,'HomePage','2020-09-22 18:28:58','2020-09-14 13:48:27','Inherit','Inherit','home','Home',NULL,'<p>Welcome to SilverStripe! This is the default homepage. You can edit this page by opening <a href=\"admin/\">the CMS</a>.</p><p>You can now access the <a href=\"http://docs.silverstripe.org\">developer documentation</a>, or begin the <a href=\"http://www.silverstripe.org/learn/lessons\">SilverStripe lessons</a>.</p>',NULL,NULL,1,1,1,0,0,NULL,0),
	(76,1,5,0,0,1,1,0,'HomePage','2020-09-22 18:34:37','2020-09-14 13:48:27','Inherit','Inherit','home','Home',NULL,'<p>Welcome to SilverStripe! This is the default homepage. You can edit this page by opening <a href=\"admin/\">the CMS</a>.</p><p>You can now access the <a href=\"http://docs.silverstripe.org\">developer documentation</a>, or begin the <a href=\"http://www.silverstripe.org/learn/lessons\">SilverStripe lessons</a>.</p>',NULL,NULL,1,1,1,0,0,NULL,0),
	(77,1,6,1,0,1,1,1,'HomePage','2020-09-22 18:34:37','2020-09-14 13:48:27','Inherit','Inherit','home','Home',NULL,'<p>Welcome to SilverStripe! This is the default homepage. You can edit this page by opening <a href=\"admin/\">the CMS</a>.</p><p>You can now access the <a href=\"http://docs.silverstripe.org\">developer documentation</a>, or begin the <a href=\"http://www.silverstripe.org/learn/lessons\">SilverStripe lessons</a>.</p>',NULL,NULL,1,1,1,0,0,NULL,0),
	(78,1,7,0,0,1,1,0,'HomePage','2020-09-22 19:07:23','2020-09-14 13:48:27','Inherit','Inherit','home','Home',NULL,'<p>Welcome to SilverStripe! This is the default homepage. You can edit this page by opening <a href=\"admin/\">the CMS</a>.</p><p>You can now access the <a href=\"http://docs.silverstripe.org\">developer documentation</a>, or begin the <a href=\"http://www.silverstripe.org/learn/lessons\">SilverStripe lessons</a>.</p>',NULL,NULL,1,1,1,0,0,NULL,0),
	(79,1,8,1,0,1,1,1,'HomePage','2020-09-22 19:07:24','2020-09-14 13:48:27','Inherit','Inherit','home','Home',NULL,'<p>Welcome to SilverStripe! This is the default homepage. You can edit this page by opening <a href=\"admin/\">the CMS</a>.</p><p>You can now access the <a href=\"http://docs.silverstripe.org\">developer documentation</a>, or begin the <a href=\"http://www.silverstripe.org/learn/lessons\">SilverStripe lessons</a>.</p>',NULL,NULL,1,1,1,0,0,NULL,0),
	(80,1,9,0,0,1,1,0,'HomePage','2020-09-22 19:30:01','2020-09-14 13:48:27','Inherit','Inherit','home','Home',NULL,'<h3 class=\"nott font-secondary font-weight-normal\">What we Do</h3><p><span>Lorem ipsum dolor sit amet, consectetur adipisicing elit. Eius eum inventore consectetur dolorum, voluptatum possimus temporibus vel ab, nesciunt quod!</span></p>',NULL,NULL,1,1,1,0,0,NULL,0),
	(81,1,10,1,0,1,1,1,'HomePage','2020-09-22 19:30:02','2020-09-14 13:48:27','Inherit','Inherit','home','Home',NULL,'<h3 class=\"nott font-secondary font-weight-normal\">What we Do</h3><p><span>Lorem ipsum dolor sit amet, consectetur adipisicing elit. Eius eum inventore consectetur dolorum, voluptatum possimus temporibus vel ab, nesciunt quod!</span></p>',NULL,NULL,1,1,1,0,0,NULL,0),
	(82,1,11,0,0,1,1,0,'HomePage','2020-09-22 19:30:17','2020-09-14 13:48:27','Inherit','Inherit','home','Home',NULL,'<h2 class=\"nott font-secondary font-weight-normal\">What we Do</h2><p><span>Lorem ipsum dolor sit amet, consectetur adipisicing elit. Eius eum inventore consectetur dolorum, voluptatum possimus temporibus vel ab, nesciunt quod!</span></p>',NULL,NULL,1,1,1,0,0,NULL,0),
	(83,1,12,1,0,1,1,1,'HomePage','2020-09-22 19:30:18','2020-09-14 13:48:27','Inherit','Inherit','home','Home',NULL,'<h2 class=\"nott font-secondary font-weight-normal\">What we Do</h2><p><span>Lorem ipsum dolor sit amet, consectetur adipisicing elit. Eius eum inventore consectetur dolorum, voluptatum possimus temporibus vel ab, nesciunt quod!</span></p>',NULL,NULL,1,1,1,0,0,NULL,0),
	(84,1,13,0,0,1,1,0,'HomePage','2020-09-22 19:34:38','2020-09-14 13:48:27','Inherit','Inherit','home','Home',NULL,'<h3 class=\"nott font-secondary font-weight-normal font-size-36\">What we Do</h3><p><span>Lorem ipsum dolor sit amet, consectetur adipisicing elit. Eius eum inventore consectetur dolorum, voluptatum possimus temporibus vel ab, nesciunt quod!</span></p>',NULL,NULL,1,1,1,0,0,NULL,0),
	(85,1,14,1,0,1,1,1,'HomePage','2020-09-22 19:34:39','2020-09-14 13:48:27','Inherit','Inherit','home','Home',NULL,'<h3 class=\"nott font-secondary font-weight-normal font-size-36\">What we Do</h3><p><span>Lorem ipsum dolor sit amet, consectetur adipisicing elit. Eius eum inventore consectetur dolorum, voluptatum possimus temporibus vel ab, nesciunt quod!</span></p>',NULL,NULL,1,1,1,0,0,NULL,0),
	(86,1,15,0,0,1,1,0,'HomePage','2020-09-22 20:34:15','2020-09-14 13:48:27','Inherit','Inherit','home','Home',NULL,'<h3 class=\"nott font-secondary font-weight-normal font-size-36\">What we Do</h3><p><span>Lorem ipsum dolor sit amet, consectetur adipisicing elit. Eius eum inventore consectetur dolorum, voluptatum possimus temporibus vel ab, nesciunt quod!</span></p>',NULL,NULL,1,1,1,0,0,NULL,0),
	(87,1,16,1,0,1,1,1,'HomePage','2020-09-22 20:34:16','2020-09-14 13:48:27','Inherit','Inherit','home','Home',NULL,'<h3 class=\"nott font-secondary font-weight-normal font-size-36\">What we Do</h3><p><span>Lorem ipsum dolor sit amet, consectetur adipisicing elit. Eius eum inventore consectetur dolorum, voluptatum possimus temporibus vel ab, nesciunt quod!</span></p>',NULL,NULL,1,1,1,0,0,NULL,0),
	(88,8,6,0,0,1,1,0,'Page','2020-09-22 20:37:59','2020-09-17 17:21:06','Inherit','Inherit','adopt-a-dog','Adopt a dog','Adopt','<p>Proin sapien ipsum, porta a, auctor quis, euismod ut, mi. Nullam quis ante. Ut a nisl id ante tempus hendrerit. In ac felis quis tortor malesuada pretium. Quisque id mi.</p><p>Proin magna. Etiam imperdiet imperdiet orci. Nullam cursus lacinia erat. Nullam sagittis. Morbi nec metus.</p><p>Etiam imperdiet imperdiet orci. Proin faucibus arcu quis ante. Class aptent taciti sociosqu ad litora torquent per conubia nostra, per inceptos hymenaeos. Vestibulum suscipit nulla quis orci. Maecenas egestas arcu quis ligula mattis placerat.</p><p>Suspendisse potenti. Pellentesque posuere. Vestibulum eu odio. Praesent venenatis metus at tortor pulvinar varius. Aenean imperdiet.</p><p>Praesent porttitor, nulla vitae posuere iaculis, arcu nisl dignissim dolor, a pretium mi sem ut ipsum. Praesent porttitor, nulla vitae posuere iaculis, arcu nisl dignissim dolor, a pretium mi sem ut ipsum. Fusce vulputate eleifend sapien. Phasellus accumsan cursus velit. Ut a nisl id ante tempus hendrerit.</p>',NULL,NULL,1,1,1,0,0,NULL,7),
	(89,8,7,1,0,1,1,1,'Page','2020-09-22 20:38:00','2020-09-17 17:21:06','Inherit','Inherit','adopt-a-dog','Adopt a dog','Adopt','<p>Proin sapien ipsum, porta a, auctor quis, euismod ut, mi. Nullam quis ante. Ut a nisl id ante tempus hendrerit. In ac felis quis tortor malesuada pretium. Quisque id mi.</p><p>Proin magna. Etiam imperdiet imperdiet orci. Nullam cursus lacinia erat. Nullam sagittis. Morbi nec metus.</p><p>Etiam imperdiet imperdiet orci. Proin faucibus arcu quis ante. Class aptent taciti sociosqu ad litora torquent per conubia nostra, per inceptos hymenaeos. Vestibulum suscipit nulla quis orci. Maecenas egestas arcu quis ligula mattis placerat.</p><p>Suspendisse potenti. Pellentesque posuere. Vestibulum eu odio. Praesent venenatis metus at tortor pulvinar varius. Aenean imperdiet.</p><p>Praesent porttitor, nulla vitae posuere iaculis, arcu nisl dignissim dolor, a pretium mi sem ut ipsum. Praesent porttitor, nulla vitae posuere iaculis, arcu nisl dignissim dolor, a pretium mi sem ut ipsum. Fusce vulputate eleifend sapien. Phasellus accumsan cursus velit. Ut a nisl id ante tempus hendrerit.</p>',NULL,NULL,1,1,1,0,0,NULL,7),
	(90,9,4,0,0,1,1,0,'Page','2020-09-22 20:38:26','2020-09-17 17:21:46','Inherit','Inherit','pet-nutritionists','Pet Nutritionists',NULL,'<p>Proin sapien ipsum, porta a, auctor quis, euismod ut, mi. Nullam quis ante. Ut a nisl id ante tempus hendrerit. In ac felis quis tortor malesuada pretium. Quisque id mi.</p><p>Proin magna. Etiam imperdiet imperdiet orci. Nullam cursus lacinia erat. Nullam sagittis. Morbi nec metus.</p><p>Etiam imperdiet imperdiet orci. Proin faucibus arcu quis ante. Class aptent taciti sociosqu ad litora torquent per conubia nostra, per inceptos hymenaeos. Vestibulum suscipit nulla quis orci. Maecenas egestas arcu quis ligula mattis placerat.</p><p>Suspendisse potenti. Pellentesque posuere. Vestibulum eu odio. Praesent venenatis metus at tortor pulvinar varius. Aenean imperdiet.</p><p>Praesent porttitor, nulla vitae posuere iaculis, arcu nisl dignissim dolor, a pretium mi sem ut ipsum. Praesent porttitor, nulla vitae posuere iaculis, arcu nisl dignissim dolor, a pretium mi sem ut ipsum. Fusce vulputate eleifend sapien. Phasellus accumsan cursus velit. Ut a nisl id ante tempus hendrerit.</p><p>Proin sapien ipsum, porta a, auctor quis, euismod ut, mi. Nullam quis ante. Ut a nisl id ante tempus hendrerit. In ac felis quis tortor malesuada pretium. Quisque id mi.</p><p>Proin magna. Etiam imperdiet imperdiet orci. Nullam cursus lacinia erat. Nullam sagittis. Morbi nec metus.</p><p>Etiam imperdiet imperdiet orci. Proin faucibus arcu quis ante. Class aptent taciti sociosqu ad litora torquent per conubia nostra, per inceptos hymenaeos. Vestibulum suscipit nulla quis orci. Maecenas egestas arcu quis ligula mattis placerat.</p><p>Suspendisse potenti. Pellentesque posuere. Vestibulum eu odio. Praesent venenatis metus at tortor pulvinar varius. Aenean imperdiet.</p><p>Praesent porttitor, nulla vitae posuere iaculis, arcu nisl dignissim dolor, a pretium mi sem ut ipsum. Praesent porttitor, nulla vitae posuere iaculis, arcu nisl dignissim dolor, a pretium mi sem ut ipsum. Fusce vulputate eleifend sapien. Phasellus accumsan cursus velit. Ut a nisl id ante tempus hendrerit.</p>',NULL,NULL,1,1,2,0,0,NULL,7),
	(91,9,5,1,0,1,1,1,'Page','2020-09-22 20:38:26','2020-09-17 17:21:46','Inherit','Inherit','pet-nutritionists','Pet Nutritionists',NULL,'<p>Proin sapien ipsum, porta a, auctor quis, euismod ut, mi. Nullam quis ante. Ut a nisl id ante tempus hendrerit. In ac felis quis tortor malesuada pretium. Quisque id mi.</p><p>Proin magna. Etiam imperdiet imperdiet orci. Nullam cursus lacinia erat. Nullam sagittis. Morbi nec metus.</p><p>Etiam imperdiet imperdiet orci. Proin faucibus arcu quis ante. Class aptent taciti sociosqu ad litora torquent per conubia nostra, per inceptos hymenaeos. Vestibulum suscipit nulla quis orci. Maecenas egestas arcu quis ligula mattis placerat.</p><p>Suspendisse potenti. Pellentesque posuere. Vestibulum eu odio. Praesent venenatis metus at tortor pulvinar varius. Aenean imperdiet.</p><p>Praesent porttitor, nulla vitae posuere iaculis, arcu nisl dignissim dolor, a pretium mi sem ut ipsum. Praesent porttitor, nulla vitae posuere iaculis, arcu nisl dignissim dolor, a pretium mi sem ut ipsum. Fusce vulputate eleifend sapien. Phasellus accumsan cursus velit. Ut a nisl id ante tempus hendrerit.</p><p>Proin sapien ipsum, porta a, auctor quis, euismod ut, mi. Nullam quis ante. Ut a nisl id ante tempus hendrerit. In ac felis quis tortor malesuada pretium. Quisque id mi.</p><p>Proin magna. Etiam imperdiet imperdiet orci. Nullam cursus lacinia erat. Nullam sagittis. Morbi nec metus.</p><p>Etiam imperdiet imperdiet orci. Proin faucibus arcu quis ante. Class aptent taciti sociosqu ad litora torquent per conubia nostra, per inceptos hymenaeos. Vestibulum suscipit nulla quis orci. Maecenas egestas arcu quis ligula mattis placerat.</p><p>Suspendisse potenti. Pellentesque posuere. Vestibulum eu odio. Praesent venenatis metus at tortor pulvinar varius. Aenean imperdiet.</p><p>Praesent porttitor, nulla vitae posuere iaculis, arcu nisl dignissim dolor, a pretium mi sem ut ipsum. Praesent porttitor, nulla vitae posuere iaculis, arcu nisl dignissim dolor, a pretium mi sem ut ipsum. Fusce vulputate eleifend sapien. Phasellus accumsan cursus velit. Ut a nisl id ante tempus hendrerit.</p>',NULL,NULL,1,1,2,0,0,NULL,7),
	(92,10,6,0,0,1,1,0,'Page','2020-09-22 20:39:02','2020-09-17 17:22:17','Inherit','Inherit','find-a-pet-sitter','Find a pet sitter',NULL,'<p>Proin sapien ipsum, porta a, auctor quis, euismod ut, mi. Nullam quis ante. Ut a nisl id ante tempus hendrerit. In ac felis quis tortor malesuada pretium. Quisque id mi.</p><p>Proin magna. Etiam imperdiet imperdiet orci. Nullam cursus lacinia erat. Nullam sagittis. Morbi nec metus.</p><p>Etiam imperdiet imperdiet orci. Proin faucibus arcu quis ante. Class aptent taciti sociosqu ad litora torquent per conubia nostra, per inceptos hymenaeos. Vestibulum suscipit nulla quis orci. Maecenas egestas arcu quis ligula mattis placerat.</p><p>Suspendisse potenti. Pellentesque posuere. Vestibulum eu odio. Praesent venenatis metus at tortor pulvinar varius. Aenean imperdiet.</p>',NULL,NULL,1,1,3,0,0,NULL,7),
	(93,10,7,1,0,1,1,1,'Page','2020-09-22 20:39:03','2020-09-17 17:22:17','Inherit','Inherit','find-a-pet-sitter','Find a pet sitter',NULL,'<p>Proin sapien ipsum, porta a, auctor quis, euismod ut, mi. Nullam quis ante. Ut a nisl id ante tempus hendrerit. In ac felis quis tortor malesuada pretium. Quisque id mi.</p><p>Proin magna. Etiam imperdiet imperdiet orci. Nullam cursus lacinia erat. Nullam sagittis. Morbi nec metus.</p><p>Etiam imperdiet imperdiet orci. Proin faucibus arcu quis ante. Class aptent taciti sociosqu ad litora torquent per conubia nostra, per inceptos hymenaeos. Vestibulum suscipit nulla quis orci. Maecenas egestas arcu quis ligula mattis placerat.</p><p>Suspendisse potenti. Pellentesque posuere. Vestibulum eu odio. Praesent venenatis metus at tortor pulvinar varius. Aenean imperdiet.</p>',NULL,NULL,1,1,3,0,0,NULL,7),
	(94,11,4,0,0,1,1,0,'Page','2020-09-22 20:39:34','2020-09-17 17:22:44','Inherit','Inherit','health-and-wellbeing','Health & Wellbeing',NULL,'<p>Proin sapien ipsum, porta a, auctor quis, euismod ut, mi. Nullam quis ante. Ut a nisl id ante tempus hendrerit. In ac felis quis tortor malesuada pretium. Quisque id mi.</p><p>Proin magna. Etiam imperdiet imperdiet orci. Nullam cursus lacinia erat. Nullam sagittis. Morbi nec metus.</p><p>Etiam imperdiet imperdiet orci. Proin faucibus arcu quis ante. Class aptent taciti sociosqu ad litora torquent per conubia nostra, per inceptos hymenaeos. Vestibulum suscipit nulla quis orci. Maecenas egestas arcu quis ligula mattis placerat.</p><p>Suspendisse potenti. Pellentesque posuere. Vestibulum eu odio. Praesent venenatis metus at tortor pulvinar varius. Aenean imperdiet.</p><p>Praesent porttitor, nulla vitae posuere iaculis, arcu nisl dignissim dolor, a pretium mi sem ut ipsum. Praesent porttitor, nulla vitae posuere iaculis, arcu nisl dignissim dolor, a pretium mi sem ut ipsum. Fusce vulputate eleifend sapien. Phasellus accumsan cursus velit. Ut a nisl id ante tempus hendrerit.</p>',NULL,NULL,1,1,4,0,0,NULL,7),
	(95,11,5,1,0,1,1,1,'Page','2020-09-22 20:39:35','2020-09-17 17:22:44','Inherit','Inherit','health-and-wellbeing','Health & Wellbeing',NULL,'<p>Proin sapien ipsum, porta a, auctor quis, euismod ut, mi. Nullam quis ante. Ut a nisl id ante tempus hendrerit. In ac felis quis tortor malesuada pretium. Quisque id mi.</p><p>Proin magna. Etiam imperdiet imperdiet orci. Nullam cursus lacinia erat. Nullam sagittis. Morbi nec metus.</p><p>Etiam imperdiet imperdiet orci. Proin faucibus arcu quis ante. Class aptent taciti sociosqu ad litora torquent per conubia nostra, per inceptos hymenaeos. Vestibulum suscipit nulla quis orci. Maecenas egestas arcu quis ligula mattis placerat.</p><p>Suspendisse potenti. Pellentesque posuere. Vestibulum eu odio. Praesent venenatis metus at tortor pulvinar varius. Aenean imperdiet.</p><p>Praesent porttitor, nulla vitae posuere iaculis, arcu nisl dignissim dolor, a pretium mi sem ut ipsum. Praesent porttitor, nulla vitae posuere iaculis, arcu nisl dignissim dolor, a pretium mi sem ut ipsum. Fusce vulputate eleifend sapien. Phasellus accumsan cursus velit. Ut a nisl id ante tempus hendrerit.</p>',NULL,NULL,1,1,4,0,0,NULL,7),
	(96,1,17,0,0,1,1,0,'HomePage','2020-09-22 20:43:40','2020-09-14 13:48:27','Inherit','Inherit','home','Home',NULL,'<h3 class=\"nott font-secondary font-weight-normal font-size-36\">What we Do</h3><p><span>Lorem ipsum dolor sit amet, consectetur adipisicing elit. Eius eum inventore consectetur dolorum, voluptatum possimus temporibus vel ab, nesciunt quod!</span></p>',NULL,NULL,1,1,1,0,0,NULL,0),
	(97,1,18,1,0,1,1,1,'HomePage','2020-09-22 20:43:41','2020-09-14 13:48:27','Inherit','Inherit','home','Home',NULL,'<h3 class=\"nott font-secondary font-weight-normal font-size-36\">What we Do</h3><p><span>Lorem ipsum dolor sit amet, consectetur adipisicing elit. Eius eum inventore consectetur dolorum, voluptatum possimus temporibus vel ab, nesciunt quod!</span></p>',NULL,NULL,1,1,1,0,0,NULL,0),
	(98,14,6,1,1,1,1,1,'SilverStripe\\CMS\\Model\\RedirectorPage','2020-09-22 23:31:23','2020-09-18 13:25:34','Inherit','Inherit',NULL,NULL,NULL,NULL,NULL,NULL,0,0,0,0,0,NULL,0),
	(99,3,6,1,0,1,1,1,'Page','2020-09-22 23:31:57','2020-09-14 13:48:27','Inherit','Inherit','faqs','FAQs',NULL,'<h3>Sed magna purus fermentum eu?</h3><p>Cum sociis natoque penatibus et magnis dis parturient montes, nascetur ridiculus mus. Nunc sed turpis. Maecenas tempus, tellus eget condimentum rhoncus, sem quam semper libero, sit amet adipiscing sem neque sed ipsum. Donec mollis hendrerit risus. Donec sodales sagittis magna.</p><p>Nulla porta dolor. Vivamus in erat ut urna cursus vestibulum. Sed cursus turpis vitae tortor. Aenean tellus metus, bibendum sed, posuere ac, mattis non, nunc. Cras ultricies mi eu turpis hendrerit fringilla.</p><p>In ut quam vitae odio lacinia tincidunt. Praesent turpis. Praesent ut ligula non mi varius sagittis. Vivamus elementum semper nisi. Suspendisse non nisl sit amet velit hendrerit rutrum.</p><p>&nbsp;</p><h3>Aenean commodo ligula eget?</h3><p>Donec venenatis vulputate lorem. Vivamus in erat ut urna cursus vestibulum. Fusce pharetra convallis urna. Suspendisse nisl elit, rhoncus eget, elementum ac, condimentum eget, diam. Sed augue ipsum, egestas nec, vestibulum et, malesuada adipiscing, dui.</p><p>Sed fringilla mauris sit amet nibh. Aenean ut eros et nisl sagittis vestibulum. Maecenas ullamcorper, dui et placerat feugiat, eros pede varius nisi, condimentum viverra felis nunc et lorem. Nullam cursus lacinia erat. Nullam nulla eros, ultricies sit amet, nonummy id, imperdiet feugiat, pede.</p><p>&nbsp;</p><h3>Sed magna purus fermentum eu?</h3><p>Cum sociis natoque penatibus et magnis dis parturient montes, nascetur ridiculus mus. Nunc sed turpis. Maecenas tempus, tellus eget condimentum rhoncus, sem quam semper libero, sit amet adipiscing sem neque sed ipsum. Donec mollis hendrerit risus. Donec sodales sagittis magna.</p><p>Nulla porta dolor. Vivamus in erat ut urna cursus vestibulum. Sed cursus turpis vitae tortor. Aenean tellus metus, bibendum sed, posuere ac, mattis non, nunc. Cras ultricies mi eu turpis hendrerit fringilla.</p><p>In ut quam vitae odio lacinia tincidunt. Praesent turpis. Praesent ut ligula non mi varius sagittis. Vivamus elementum semper nisi. Suspendisse non nisl sit amet velit hendrerit rutrum.</p><p>&nbsp;</p><h3>Aenean commodo ligula eget?</h3><p>Donec venenatis vulputate lorem. Vivamus in erat ut urna cursus vestibulum. Fusce pharetra convallis urna. Suspendisse nisl elit, rhoncus eget, elementum ac, condimentum eget, diam. Sed augue ipsum, egestas nec, vestibulum et, malesuada adipiscing, dui.</p><p>Sed fringilla mauris sit amet nibh. Aenean ut eros et nisl sagittis vestibulum. Maecenas ullamcorper, dui et placerat feugiat, eros pede varius nisi, condimentum viverra felis nunc et lorem. Nullam cursus lacinia erat. Nullam nulla eros, ultricies sit amet, nonummy id, imperdiet feugiat, pede.</p><p>&nbsp;</p><h3>Sed magna purus fermentum eu?</h3><p>Cum sociis natoque penatibus et magnis dis parturient montes, nascetur ridiculus mus. Nunc sed turpis. Maecenas tempus, tellus eget condimentum rhoncus, sem quam semper libero, sit amet adipiscing sem neque sed ipsum. Donec mollis hendrerit risus. Donec sodales sagittis magna.</p><p>Nulla porta dolor. Vivamus in erat ut urna cursus vestibulum. Sed cursus turpis vitae tortor. Aenean tellus metus, bibendum sed, posuere ac, mattis non, nunc. Cras ultricies mi eu turpis hendrerit fringilla.</p><p>In ut quam vitae odio lacinia tincidunt. Praesent turpis. Praesent ut ligula non mi varius sagittis. Vivamus elementum semper nisi. Suspendisse non nisl sit amet velit hendrerit rutrum.</p><p>&nbsp;</p><h3>Aenean commodo ligula eget?</h3><p>Donec venenatis vulputate lorem. Vivamus in erat ut urna cursus vestibulum. Fusce pharetra convallis urna. Suspendisse nisl elit, rhoncus eget, elementum ac, condimentum eget, diam. Sed augue ipsum, egestas nec, vestibulum et, malesuada adipiscing, dui.</p><p>Sed fringilla mauris sit amet nibh. Aenean ut eros et nisl sagittis vestibulum. Maecenas ullamcorper, dui et placerat feugiat, eros pede varius nisi, condimentum viverra felis nunc et lorem. Nullam cursus lacinia erat. Nullam nulla eros, ultricies sit amet, nonummy id, imperdiet feugiat, pede.</p><p>Thanks!</p>',NULL,NULL,1,1,4,0,0,NULL,0),
	(100,7,6,0,0,1,1,0,'Page','2020-09-22 23:32:23','2020-09-17 17:20:17','Inherit','Inherit','services','Services',NULL,'<p>Our services</p><h3>Sed magna purus fermentum eu?</h3><p>Cum sociis natoque penatibus et magnis dis parturient montes, nascetur ridiculus mus. Nunc sed turpis. Maecenas tempus, tellus eget condimentum rhoncus, sem quam semper libero, sit amet adipiscing sem neque sed ipsum. Donec mollis hendrerit risus. Donec sodales sagittis magna.</p><p>Nulla porta dolor. Vivamus in erat ut urna cursus vestibulum. Sed cursus turpis vitae tortor. Aenean tellus metus, bibendum sed, posuere ac, mattis non, nunc. Cras ultricies mi eu turpis hendrerit fringilla.</p><p>In ut quam vitae odio lacinia tincidunt. Praesent turpis. Praesent ut ligula non mi varius sagittis. Vivamus elementum semper nisi. Suspendisse non nisl sit amet velit hendrerit rutrum.</p>',NULL,NULL,1,1,3,0,0,NULL,0),
	(101,7,7,1,0,1,1,1,'Page','2020-09-22 23:32:24','2020-09-17 17:20:17','Inherit','Inherit','services','Services',NULL,'<p>Our services</p><h3>Sed magna purus fermentum eu?</h3><p>Cum sociis natoque penatibus et magnis dis parturient montes, nascetur ridiculus mus. Nunc sed turpis. Maecenas tempus, tellus eget condimentum rhoncus, sem quam semper libero, sit amet adipiscing sem neque sed ipsum. Donec mollis hendrerit risus. Donec sodales sagittis magna.</p><p>Nulla porta dolor. Vivamus in erat ut urna cursus vestibulum. Sed cursus turpis vitae tortor. Aenean tellus metus, bibendum sed, posuere ac, mattis non, nunc. Cras ultricies mi eu turpis hendrerit fringilla.</p><p>In ut quam vitae odio lacinia tincidunt. Praesent turpis. Praesent ut ligula non mi varius sagittis. Vivamus elementum semper nisi. Suspendisse non nisl sit amet velit hendrerit rutrum.</p>',NULL,NULL,1,1,3,0,0,NULL,0),
	(102,8,8,0,0,1,1,0,'Page','2020-09-22 23:33:53','2020-09-17 17:21:06','Inherit','Inherit','adopt-a-dog','Adopt a dog','Adopt','<h2>Lorem Ipsum!</h2><p>Proin sapien ipsum, porta a, auctor quis, euismod ut, mi. Nullam quis ante. Ut a nisl id ante tempus hendrerit. In ac felis quis tortor malesuada pretium. Quisque id mi.</p><p>Proin magna. Etiam imperdiet imperdiet orci. Nullam cursus lacinia erat. Nullam sagittis. Morbi nec metus.</p><p>Etiam imperdiet imperdiet orci. Proin faucibus arcu quis ante. Class aptent taciti sociosqu ad litora torquent per conubia nostra, per inceptos hymenaeos. Vestibulum suscipit nulla quis orci. Maecenas egestas arcu quis ligula mattis placerat.</p><p>Suspendisse potenti. Pellentesque posuere. Vestibulum eu odio. Praesent venenatis metus at tortor pulvinar varius. Aenean imperdiet.</p><p>Praesent porttitor, nulla vitae posuere iaculis, arcu nisl dignissim dolor, a pretium mi sem ut ipsum. Praesent porttitor, nulla vitae posuere iaculis, arcu nisl dignissim dolor, a pretium mi sem ut ipsum. Fusce vulputate eleifend sapien. Phasellus accumsan cursus velit. Ut a nisl id ante tempus hendrerit.</p>',NULL,NULL,1,1,1,0,0,NULL,7),
	(103,8,9,0,0,1,1,0,'Page','2020-09-22 23:34:02','2020-09-17 17:21:06','Inherit','Inherit','adopt-a-dog','Adopt a dog','Adopt','<h2>Adopt now!</h2><p>Proin sapien ipsum, porta a, auctor quis, euismod ut, mi. Nullam quis ante. Ut a nisl id ante tempus hendrerit. In ac felis quis tortor malesuada pretium. Quisque id mi.</p><p>Proin magna. Etiam imperdiet imperdiet orci. Nullam cursus lacinia erat. Nullam sagittis. Morbi nec metus.</p><p>Etiam imperdiet imperdiet orci. Proin faucibus arcu quis ante. Class aptent taciti sociosqu ad litora torquent per conubia nostra, per inceptos hymenaeos. Vestibulum suscipit nulla quis orci. Maecenas egestas arcu quis ligula mattis placerat.</p><p>Suspendisse potenti. Pellentesque posuere. Vestibulum eu odio. Praesent venenatis metus at tortor pulvinar varius. Aenean imperdiet.</p><p>Praesent porttitor, nulla vitae posuere iaculis, arcu nisl dignissim dolor, a pretium mi sem ut ipsum. Praesent porttitor, nulla vitae posuere iaculis, arcu nisl dignissim dolor, a pretium mi sem ut ipsum. Fusce vulputate eleifend sapien. Phasellus accumsan cursus velit. Ut a nisl id ante tempus hendrerit.</p>',NULL,NULL,1,1,1,0,0,NULL,7),
	(104,21,1,0,0,1,1,0,'SilverStripe\\CMS\\Model\\RedirectorPage','2020-09-23 15:46:28','2020-09-23 15:46:28','Inherit','Inherit','new-redirector-page','New Redirector Page',NULL,NULL,NULL,NULL,1,1,7,0,1,NULL,0),
	(105,21,2,0,0,1,1,0,'SilverStripe\\CMS\\Model\\RedirectorPage','2020-09-23 15:47:26','2020-09-23 15:46:28','Inherit','Inherit','adopt','Adopt',NULL,NULL,NULL,NULL,1,1,7,0,0,NULL,0),
	(106,21,3,1,0,1,1,1,'SilverStripe\\CMS\\Model\\RedirectorPage','2020-09-23 15:47:27','2020-09-23 15:46:28','Inherit','Inherit','adopt','Adopt',NULL,NULL,NULL,NULL,1,1,7,0,0,NULL,0),
	(107,1,19,0,0,1,1,0,'Page','2021-09-28 15:52:20','2020-09-14 13:48:27','Inherit','Inherit','home','Home',NULL,'<h3 class=\"nott font-secondary font-weight-normal font-size-36\">What we Do</h3><p><span>Lorem ipsum dolor sit amet, consectetur adipisicing elit. Eius eum inventore consectetur dolorum, voluptatum possimus temporibus vel ab, nesciunt quod!</span></p>',NULL,NULL,1,1,1,0,0,NULL,0),
	(108,1,20,1,0,1,1,1,'Page','2021-09-28 15:52:20','2020-09-14 13:48:27','Inherit','Inherit','home','Home',NULL,'<h3 class=\"nott font-secondary font-weight-normal font-size-36\">What we Do</h3><p><span>Lorem ipsum dolor sit amet, consectetur adipisicing elit. Eius eum inventore consectetur dolorum, voluptatum possimus temporibus vel ab, nesciunt quod!</span></p>',NULL,NULL,1,1,1,0,0,NULL,0),
	(109,1,21,0,0,1,1,0,'Page','2021-09-28 17:20:38','2020-09-14 13:48:27','Inherit','Inherit','home','Pets are life','Home','<h3 class=\"nott font-secondary font-weight-normal font-size-36\">What we Do</h3><p><span>Lorem ipsum dolor sit amet, consectetur adipisicing elit. Eius eum inventore consectetur dolorum, voluptatum possimus temporibus vel ab, nesciunt quod!</span></p>',NULL,NULL,1,1,1,0,0,NULL,0),
	(110,1,22,1,0,1,1,1,'Page','2021-09-28 17:20:39','2020-09-14 13:48:27','Inherit','Inherit','home','Pets are life','Home','<h3 class=\"nott font-secondary font-weight-normal font-size-36\">What we Do</h3><p><span>Lorem ipsum dolor sit amet, consectetur adipisicing elit. Eius eum inventore consectetur dolorum, voluptatum possimus temporibus vel ab, nesciunt quod!</span></p>',NULL,NULL,1,1,1,0,0,NULL,0),
	(111,1,23,0,0,1,1,0,'HomePage','2021-09-29 18:21:24','2020-09-14 13:48:27','Inherit','Inherit','home','Pets are life','Home','<h3 class=\"nott font-secondary font-weight-normal font-size-36\">What we Do</h3><p><span>Lorem ipsum dolor sit amet, consectetur adipisicing elit. Eius eum inventore consectetur dolorum, voluptatum possimus temporibus vel ab, nesciunt quod!</span></p>',NULL,NULL,1,1,1,0,0,NULL,0),
	(112,1,24,1,0,1,1,1,'HomePage','2021-09-29 18:21:25','2020-09-14 13:48:27','Inherit','Inherit','home','Pets are life','Home','<h3 class=\"nott font-secondary font-weight-normal font-size-36\">What we Do</h3><p><span>Lorem ipsum dolor sit amet, consectetur adipisicing elit. Eius eum inventore consectetur dolorum, voluptatum possimus temporibus vel ab, nesciunt quod!</span></p>',NULL,NULL,1,1,1,0,0,NULL,0),
	(113,1,25,0,0,1,1,0,'HomePage','2021-09-29 18:54:12','2020-09-14 13:48:27','Inherit','Inherit','home','Pets are life','Home','<h3 class=\"nott font-secondary font-weight-normal font-size-36\">What we Do</h3><p><span>Lorem ipsum dolor sit amet, consectetur adipisicing elit. Eius eum inventore consectetur dolorum, voluptatum possimus temporibus vel ab, nesciunt quod!</span></p>',NULL,NULL,1,1,1,0,0,NULL,0),
	(114,1,26,1,0,1,1,1,'HomePage','2021-09-29 18:54:12','2020-09-14 13:48:27','Inherit','Inherit','home','Pets are life','Home','<h3 class=\"nott font-secondary font-weight-normal font-size-36\">What we Do</h3><p><span>Lorem ipsum dolor sit amet, consectetur adipisicing elit. Eius eum inventore consectetur dolorum, voluptatum possimus temporibus vel ab, nesciunt quod!</span></p>',NULL,NULL,1,1,1,0,0,NULL,0),
	(115,1,27,0,0,1,1,0,'HomePage','2021-09-29 18:56:54','2020-09-14 13:48:27','Inherit','Inherit','home','Pets are life','Home','<h3 class=\"nott font-secondary font-weight-normal font-size-36\">What we Do</h3><p><span>Lorem ipsum dolor sit amet, consectetur adipisicing elit. Eius eum inventore consectetur dolorum, voluptatum possimus temporibus vel ab, nesciunt quod!</span></p>',NULL,NULL,1,1,1,0,0,NULL,0),
	(116,1,28,1,0,1,1,1,'HomePage','2021-09-29 18:56:54','2020-09-14 13:48:27','Inherit','Inherit','home','Pets are life','Home','<h3 class=\"nott font-secondary font-weight-normal font-size-36\">What we Do</h3><p><span>Lorem ipsum dolor sit amet, consectetur adipisicing elit. Eius eum inventore consectetur dolorum, voluptatum possimus temporibus vel ab, nesciunt quod!</span></p>',NULL,NULL,1,1,1,0,0,NULL,0),
	(117,1,29,0,0,1,1,0,'HomePage','2021-09-29 18:59:38','2020-09-14 13:48:27','Inherit','Inherit','home','Pets are life','Home','<h3 class=\"nott font-secondary font-weight-normal font-size-36\">What we Do</h3><p><span>Lorem ipsum dolor sit amet, consectetur adipisicing elit. Eius eum inventore consectetur dolorum, voluptatum possimus temporibus vel ab, nesciunt quod!</span></p>',NULL,NULL,1,1,1,0,0,NULL,0),
	(118,1,30,1,0,1,1,1,'HomePage','2021-09-29 18:59:38','2020-09-14 13:48:27','Inherit','Inherit','home','Pets are life','Home','<h3 class=\"nott font-secondary font-weight-normal font-size-36\">What we Do</h3><p><span>Lorem ipsum dolor sit amet, consectetur adipisicing elit. Eius eum inventore consectetur dolorum, voluptatum possimus temporibus vel ab, nesciunt quod!</span></p>',NULL,NULL,1,1,1,0,0,NULL,0),
	(119,1,31,0,0,1,1,0,'HomePage','2021-09-29 19:08:24','2020-09-14 13:48:27','Inherit','Inherit','home','Pets are life','Home','<h3 class=\"nott font-secondary font-weight-normal font-size-36\">What we Do</h3><p><span>Lorem ipsum dolor sit amet, consectetur adipisicing elit. Eius eum inventore consectetur dolorum, voluptatum possimus temporibus vel ab, nesciunt quod!</span></p>',NULL,NULL,1,1,1,0,0,NULL,0),
	(120,1,32,1,0,1,1,1,'HomePage','2021-09-29 19:08:24','2020-09-14 13:48:27','Inherit','Inherit','home','Pets are life','Home','<h3 class=\"nott font-secondary font-weight-normal font-size-36\">What we Do</h3><p><span>Lorem ipsum dolor sit amet, consectetur adipisicing elit. Eius eum inventore consectetur dolorum, voluptatum possimus temporibus vel ab, nesciunt quod!</span></p>',NULL,NULL,1,1,1,0,0,NULL,0),
	(121,1,33,0,0,1,1,0,'Page','2021-09-29 19:40:06','2020-09-14 13:48:27','Inherit','Inherit','home','Pets are life','Home','<h3 class=\"nott font-secondary font-weight-normal font-size-36\">What we Do</h3><p><span>Lorem ipsum dolor sit amet, consectetur adipisicing elit. Eius eum inventore consectetur dolorum, voluptatum possimus temporibus vel ab, nesciunt quod!</span></p>',NULL,NULL,1,1,1,0,0,NULL,0),
	(122,1,34,1,0,1,1,1,'Page','2021-09-29 19:40:06','2020-09-14 13:48:27','Inherit','Inherit','home','Pets are life','Home','<h3 class=\"nott font-secondary font-weight-normal font-size-36\">What we Do</h3><p><span>Lorem ipsum dolor sit amet, consectetur adipisicing elit. Eius eum inventore consectetur dolorum, voluptatum possimus temporibus vel ab, nesciunt quod!</span></p>',NULL,NULL,1,1,1,0,0,NULL,0),
	(123,8,10,1,0,1,1,1,'Page','2021-09-29 19:40:48','2020-09-17 17:21:06','Inherit','Inherit','adopt-a-dog','Adopt a dog','Adopt','<h2>Adopt now!</h2><p>Proin sapien ipsum, porta a, auctor quis, euismod ut, mi. Nullam quis ante. Ut a nisl id ante tempus hendrerit. In ac felis quis tortor malesuada pretium. Quisque id mi.</p><p>Proin magna. Etiam imperdiet imperdiet orci. Nullam cursus lacinia erat. Nullam sagittis. Morbi nec metus.</p><p>Etiam imperdiet imperdiet orci. Proin faucibus arcu quis ante. Class aptent taciti sociosqu ad litora torquent per conubia nostra, per inceptos hymenaeos. Vestibulum suscipit nulla quis orci. Maecenas egestas arcu quis ligula mattis placerat.</p><p>Suspendisse potenti. Pellentesque posuere. Vestibulum eu odio. Praesent venenatis metus at tortor pulvinar varius. Aenean imperdiet.</p><p>Praesent porttitor, nulla vitae posuere iaculis, arcu nisl dignissim dolor, a pretium mi sem ut ipsum. Praesent porttitor, nulla vitae posuere iaculis, arcu nisl dignissim dolor, a pretium mi sem ut ipsum. Fusce vulputate eleifend sapien. Phasellus accumsan cursus velit. Ut a nisl id ante tempus hendrerit.</p>',NULL,NULL,1,1,1,0,0,NULL,7);

/*!40000 ALTER TABLE `SiteTree_Versions` ENABLE KEYS */;
UNLOCK TABLES;


# Dump of table SiteTree_ViewerGroups
# ------------------------------------------------------------

DROP TABLE IF EXISTS `SiteTree_ViewerGroups`;

CREATE TABLE `SiteTree_ViewerGroups` (
  `ID` int(11) NOT NULL AUTO_INCREMENT,
  `SiteTreeID` int(11) NOT NULL DEFAULT '0',
  `GroupID` int(11) NOT NULL DEFAULT '0',
  PRIMARY KEY (`ID`),
  KEY `SiteTreeID` (`SiteTreeID`),
  KEY `GroupID` (`GroupID`)
) ENGINE=InnoDB DEFAULT CHARSET=utf8;



# Dump of table SiteTreeLink
# ------------------------------------------------------------

DROP TABLE IF EXISTS `SiteTreeLink`;

CREATE TABLE `SiteTreeLink` (
  `ID` int(11) NOT NULL AUTO_INCREMENT,
  `ClassName` enum('SilverStripe\\CMS\\Model\\SiteTreeLink') DEFAULT 'SilverStripe\\CMS\\Model\\SiteTreeLink',
  `LastEdited` datetime DEFAULT NULL,
  `Created` datetime DEFAULT NULL,
  `LinkedID` int(11) NOT NULL DEFAULT '0',
  `ParentID` int(11) NOT NULL DEFAULT '0',
  `ParentClass` enum('SilverStripe\\Assets\\File','SilverStripe\\SiteConfig\\SiteConfig','SilverStripe\\Versioned\\ChangeSet','SilverStripe\\Versioned\\ChangeSetItem','SilverStripe\\Assets\\Shortcodes\\FileLink','SilverStripe\\CMS\\Model\\SiteTree','SilverStripe\\CMS\\Model\\SiteTreeLink','SilverStripe\\Security\\Group','SilverStripe\\Security\\LoginAttempt','SilverStripe\\Security\\Member','SilverStripe\\Security\\MemberPassword','SilverStripe\\Security\\Permission','SilverStripe\\Security\\PermissionRole','SilverStripe\\Security\\PermissionRoleCode','SilverStripe\\Security\\RememberLoginHash','SilverStripe\\Assets\\Folder','SilverStripe\\Assets\\Image','Page','SilverStripe\\ErrorPage\\ErrorPage','SilverStripe\\CMS\\Model\\RedirectorPage','SilverStripe\\CMS\\Model\\VirtualPage') DEFAULT 'SilverStripe\\Assets\\File',
  PRIMARY KEY (`ID`),
  KEY `ClassName` (`ClassName`),
  KEY `LinkedID` (`LinkedID`),
  KEY `Parent` (`ParentID`,`ParentClass`)
) ENGINE=InnoDB DEFAULT CHARSET=utf8;



# Dump of table VirtualPage
# ------------------------------------------------------------

DROP TABLE IF EXISTS `VirtualPage`;

CREATE TABLE `VirtualPage` (
  `ID` int(11) NOT NULL AUTO_INCREMENT,
  `VersionID` int(11) NOT NULL DEFAULT '0',
  `CopyContentFromID` int(11) NOT NULL DEFAULT '0',
  PRIMARY KEY (`ID`),
  KEY `CopyContentFromID` (`CopyContentFromID`)
) ENGINE=InnoDB DEFAULT CHARSET=utf8;



# Dump of table VirtualPage_Live
# ------------------------------------------------------------

DROP TABLE IF EXISTS `VirtualPage_Live`;

CREATE TABLE `VirtualPage_Live` (
  `ID` int(11) NOT NULL AUTO_INCREMENT,
  `VersionID` int(11) NOT NULL DEFAULT '0',
  `CopyContentFromID` int(11) NOT NULL DEFAULT '0',
  PRIMARY KEY (`ID`),
  KEY `CopyContentFromID` (`CopyContentFromID`)
) ENGINE=InnoDB DEFAULT CHARSET=utf8;



# Dump of table VirtualPage_Versions
# ------------------------------------------------------------

DROP TABLE IF EXISTS `VirtualPage_Versions`;

CREATE TABLE `VirtualPage_Versions` (
  `ID` int(11) NOT NULL AUTO_INCREMENT,
  `RecordID` int(11) NOT NULL DEFAULT '0',
  `Version` int(11) NOT NULL DEFAULT '0',
  `VersionID` int(11) NOT NULL DEFAULT '0',
  `CopyContentFromID` int(11) NOT NULL DEFAULT '0',
  PRIMARY KEY (`ID`),
  UNIQUE KEY `RecordID_Version` (`RecordID`,`Version`),
  KEY `RecordID` (`RecordID`),
  KEY `Version` (`Version`),
  KEY `CopyContentFromID` (`CopyContentFromID`)
) ENGINE=InnoDB DEFAULT CHARSET=utf8;




/*!40111 SET SQL_NOTES=@OLD_SQL_NOTES */;
/*!40101 SET SQL_MODE=@OLD_SQL_MODE */;
/*!40014 SET FOREIGN_KEY_CHECKS=@OLD_FOREIGN_KEY_CHECKS */;
/*!40101 SET CHARACTER_SET_CLIENT=@OLD_CHARACTER_SET_CLIENT */;
/*!40101 SET CHARACTER_SET_RESULTS=@OLD_CHARACTER_SET_RESULTS */;
/*!40101 SET COLLATION_CONNECTION=@OLD_COLLATION_CONNECTION */;
